filename,length,feature_length
BCzUvCRiBZs,31,119
1ipTHkegsc8,40,157
C5ldmpbK1s0,52,204
D7BhU7lUtiE,39,154
-mIg_JJe88s,47,185
-Zd9piSrz44,60,237
3cgX45wf-iU,45,177
0R3IlDmKOf0,53,208
5Ug2KSxaJAA,55,217
HoO07sydAZI,44,173
DTkKGYCRMlc,41,161
-wLl2ZEen2Q,51,201
fZgC46eCux0,52,206
0pg0Vi-AxHw,18,67
1IyL90mcMqo,38,149
24aIWeG8Mds,50,197
3WQcnbTWiIc,38,150
lHYGxVjUELw,42,165
0mIfM6JdvS0,46,181
35RMvLC3nAs,47,185
04Fyz2bRBVU,50,197
0J_j8be_sCU,50,197
JHdMcaW8UhI,37,143
6TJ4mjlhR2U,56,221
YzlRdbQyKko,59,232
1S1FwMCFx6s,13,49
TGJje4EKoKM,60,237
74zuXbucQUA,45,177
-Tok_g_jgE0,38,149
19345dVW8Ak,25,98
GkDN30ttEkc,37,145
1uLkSMHxvZY,48,189
-_4pavKENfE,35,137
1jyrJSHYR-c,37,145
-Z2WesHeKF8,53,208
nLzSz0qDT68,25,95
8Wy9ea-YVLs,52,205
0G7ooh7zwi8,42,165
5BLZ3GHTUzc,58,228
0YhjxnDRXhk,60,237
1xp2bkdhYTE,50,197
8FbJkBe9dsM,18,68
0Az4z8Bev5Y,40,156
2dk9xHmkNpI,45,177
B-Ua2uzRwu4,36,141
6Jo_tvf0qdI,19,73
uDqVzJtaxOc,59,233
0f4vjA3OTtI,50,197
-0UyIRbzhlw,36,139
4FGHCcch5WQ,38,149
QI5VGU2pris,52,205
564OgHriY7U,41,161
9D-aQeAr18w,52,205
70-a9PKf_NM,39,153
XIdLkMDPELQ,43,169
6gLYUqCk2eM,55,215
55cDQffhucw,48,188
FHDFt90vW2U,42,165
4N-nt5AVINM,47,185
2_kjJWlhxMU,47,185
eRGwgAT8Zd4,41,161
4cyaFyQr4V4,51,201
-LrC5sxFfo4,60,237
7XlFyURMkjg,43,169
35i-3XIn4ls,48,189
FndCEC7yK2g,51,201
--56QUhyDQM,29,111
5EY-SFIcg_E,57,227
48aCnIJFj48,37,145
7rxfucuwC-Q,56,220
Ia6C4k0o2hc,50,195
0JuxzsJo7mg,39,151
6vqKJK-F5pk,40,157
VZqIj7J2HKo,20,75
Ubmh-lOoe3Y,47,185
0CTfNgIntZ8,27,105
5jlV3DkSZoQ,23,90
Vw-veOw_YJg,41,161
6gdQZBFkrZg,50,197
09qUhBfyFcc,35,137
35tgiLMsDv4,48,189
17NWn9aa2DU,59,231
A2Pol9d6Mvk,53,209
qIKzxOrcrhE,60,237
1F21UFJiB0c,46,182
dIIiaO12I5Q,16,60
0iSY-w0-haA,37,145
BEJPm8Ewzl0,16,62
a0Hrvh4RS3o,42,165
3AOgy13HWhk,42,165
6HNccHZPKv8,52,205
FJOqBrW13bk,48,189
5t4vQjw30_A,60,235
_jB-IM_77lI,55,215
8bB2BcjSzBU,47,185
5uXUyEf8bzY,43,169
2X0HMEmnLZw,51,201
AEwkS57P4eE,46,181
34PIIFialvk,41,160
792QCGbwgM0,41,160
87jwo4cqrSk,43,169
0jai7WnP5qE,54,213
G62A4AbjLUY,50,197
2i9fQGVF2bs,46,181
0Oobl4xf13w,49,193
3AJuHcjE31w,52,204
Ss1zpZjEaE8,43,169
2UtsZXYAtlI,40,157
1QSpMuxzvkE,35,137
HxMoMMrA6Eo,49,193
qiJ9nNMe-6E,47,186
5RiwMAGHteQ,54,213
1MeRHPU7oTs,48,189
4ooEeN51qdQ,51,201
FhaxyhtVfCA,20,77
8s89f_GMwEI,23,88
0tAn5ugghe8,44,173
O3HG59u1yek,54,211
6zkkTVh9LEA,47,185
3XU8WjwSfPw,47,185
9YSP02Ajvp8,46,179
-wZY0Uvmu1M,54,213
FkS5NOnVsL0,46,181
-qmSO9myL10,50,197
34LA4c312EY,57,225
5KoxZPh8Hok,44,173
8vsS5ZEmXzU,49,191
W_xvBhJ4zEM,37,143
93-fnxqh1hI,60,236
hQYRDNl-lGI,46,181
iXNnJE6gNEk,30,117
WXOAsZuFtew,49,193
-7TdbBZOFC0,33,129
2xlWTgqPUOA,44,173
5WmUpdDdgeg,31,119
TlXWzAEDQXw,48,190
0jInA3DyU5g,41,161
eraH1cL6nPU,45,177
8cwpiWXTiHc,50,197
-1WK72M4xeg,45,177
5miYjd6zC1Y,38,147
UPt4nsc3nWM,22,85
-ry0G6_9kz0,45,177
-cdWYt1nhWE,48,189
-qnlkFt5e_w,21,82
MKXeCiPtZwo,60,237
0dc_-ziH4bA,60,237
0lYCzxUKhsk,46,181
3Z6WE3OB3Ag,50,197
6mdJY-GVdvs,35,137
0_eJQ3UbQ1U,44,173
87Zlpn-KUfo,24,93
2igz_VPCF_g,13,49
IwqD859w2_E,44,173
ee92koqZses,39,154
4WW4pHD3jaY,42,165
kmV2hj-I7Xo,55,217
60f0k61rGY0,38,149
7fjX1T1-iUc,51,201
30OKuAy9LNs,46,181
-hdGrmVCYeI,42,165
6qUpG7Zapj8,57,223
Lxsl_9XeVr0,45,177
9pJslzSCor8,57,225
_cb_U_z_Ct0,48,189
ojLv2Ji6cJQ,45,178
6CuWwi4DTTM,51,201
-c61fWj_Ir0,60,237
-Qap2iJF8pI,60,237
10qlLcyR9l8,13,48
ZwAplWOatRo,37,145
KP-D1hiYPEg,47,185
0Bm9vGOZ8sY,28,108
OKdBVhH7gOY,47,183
6nUBZr30yco,43,169
0dHi1MlhrHw,49,192
-OsJD76IoWU,43,169
62Y7BXIuX6Y,45,177
12oeAh4LY5M,38,149
-PYr_EY1lss,37,144
4kcab5Hg-7Q,22,85
0iX0QmnbrK4,28,110
-XtcU2kiqzI,45,177
1BsUB9fTPXM,50,197
3c-YDuQ6-Uk,24,94
KsWKaewUDzY,31,121
Cof4NHnIRFA,13,48
1KeyjncLC2g,47,185
3_5qzOMET1U,54,213
0ZsqT10ECEc,11,39
58sCPQ3eHrI,51,201
2G4_eviie4w,50,197
1n5WiM-jP8U,11,40
-qXOLFXuutk,44,173
3BENoVfLTJI,39,153
_DPFw3qmnTE,22,85
7HyadsYFKII,42,165
-ypg4VhPQzg,60,237
4rIzM457KnM,41,161
5vzLLPGnSLw,57,225
4RmWO6hrIT4,46,181
1VBHnAVgROw,17,65
tagcgGVNKZo,42,165
1zE6YNiqwrw,47,185
25pbIVdBjYw,36,139
ZahBai58_Ec,37,145
1-9ryaEsFc8,50,197
BBqIMUf9xi8,43,169
0YLAW2XP_bE,49,193
-ZRub1poH_I,41,162
4vL6aRm9tR4,50,197
83dLfXybHtk,27,105
xIztYnMIWUA,36,139
-X2YkS4G4dg,34,133
5RGw1EfmKmc,47,185
OYkZxbD0vr8,54,213
35iM6j01tuU,50,197
4tmZF1TY2HM,45,177
0xcBKwbIlU8,33,129
-ewG7yBehnU,47,185
H9JA9CibQmU,46,181
izGLFfu3VAY,57,225
7qx057kqx1E,23,89
7XhFaY-E1D0,46,180
0YDi-tsfCfk,30,118
a59ivTlYoNk,48,189
0hAK5f1tDok,44,173
FsBC8LIZ7eI,33,129
Bfae9RW7sYI,36,142
9cbm-bR100A,44,173
3c3pq7Oj7zE,38,149
-GoRzL3w8xw,60,237
1Oq2r6RE02M,10,37
KHVZFbmt8xk,42,165
6db7hUr7KEw,53,209
0dwf7HFTFD8,23,90
COe3wDHLKtg,51,201
DYdalOQnx1Y,39,153
5aGq5zUc1S4,44,173
iiAK295_-jk,30,117
1tOY2HM7FQo,47,185
ZdIaekb3H6c,41,161
2uH6sLmJgA4,51,200
2wUsyQY0R5Q,46,181
4Mhz9ZfRcPA,11,41
7OM7kOtTsD0,35,137
3ClbaJYWVO4,42,165
4SCTfaYmwnc,42,164
9YfMwZIJ-JE,44,173
6EHt6k0MCqU,45,177
VfXAJJFrmnw,48,189
38Z3ovrzVdo,46,181
ItIo1RvO0PE,28,109
53fTLZAb8FY,34,133
FOseBorBQ_I,49,193
hgG_Gci8op0,42,166
1ND2PnKkzHA,43,169
CsKZWHvaNfI,48,189
ZaUaqnLdg6k,39,153
8-m1VJ5Np6U,49,193
0J5h0X48VWw,45,177
hplakXdvd8c,40,157
1gR8XtPFLtQ,18,67
-uaTK8sa5Ms,38,149
5y55yGWlutQ,38,149
e5FZidMRJxU,21,81
FMfZWfpusVk,45,177
04X2IUKbDng,51,201
0fXEHqlD1Hw,46,181
1Uq2SHyqGjE,54,213
aUq3toj7jDo,27,105
6RiK4Sg2tSY,38,149
-_KYvb4aTZY,44,171
4CpSIH5CogE,43,169
10kIWlsyYcE,49,193
1MPRdM0vGA4,40,157
3G_gh1HuDZI,37,145
8wxB1jjrtPc,49,193
2dJVcd47iJ8,23,88
86VTF-cwKt0,42,165
2utaodyuqRY,40,157
8hV8Dqdb2NM,36,141
0OcF04iWP8Q,42,165
6NcwDOno-wo,50,197
1k5EjKXVsX8,60,237
2GuH1UJxQOk,29,111
058ahBU2LP8,43,169
BAqaPHXZKr0,52,204
gefp9ta8LTA,45,177
2s_vkDbVsxo,41,161
2YXcqoFlYFY,44,173
8XH7xIWWC6c,26,99
05fWVEnDyDA,47,185
1CMFn84K6Mk,48,189
-RGUSEnACXc,50,197
-o_pnWgdfSI,39,153
_PuBoGoSpog,39,153
4DwLRe4CDXw,55,216
0lTp2ch2d-w,49,193
8uv5OXo2sMw,48,189
t6AXyglx5X4,44,173
2fnqXRC_Abc,43,169
A6kkJoEI6ec,55,215
2da6SvWTVks,23,87
UF0HDsK0fwo,44,173
9-8P2AsfmzU,44,173
3QKfLG7mauA,39,153
8VkF5UWQ5Wg,33,130
4I_M11MNwcY,45,177
iPuIoRYYBfk,45,177
3sYnYraOuIo,47,185
7fHKBwNK0BI,45,175
-W4EC8noDuw,51,199
-RYQN6bHb-E,49,193
05BlevkBrPg,44,173
44cfH6Doy80,42,165
v6A7Iggebm4,28,110
nn25vUXHhdE,43,169
2LSdwiqy44E,45,177
8kOQiGtnrOw,41,161
zSMmaftkVX8,30,115
5zECj5ZXRgk,37,143
26s1fDrdoXA,46,181
CkxunRx3_-o,56,219
0yw8_2q6MDw,58,230
-ezjrq_7T5Y,52,205
5jdY5o-xXQ4,44,173
2_xbORyOjSk,53,209
GD1vgJwYR4Q,60,237
13-sIJt-k6Q,39,153
1ZHIoV0ybVU,18,67
-_gaZzFfzDQ,44,173
dFKYXLU3hWg,49,193
5FOWGfkt57w,32,125
7SdJsHDzHqk,45,177
-FEbnqGk50g,60,237
6MSr7VgWYoY,50,195
8b6bedg2ohM,55,215
10VwxCOt4UE,60,237
4V4Ym3NSXHw,47,185
33bdweWrdnw,43,168
3KegoBHgzu4,43,169
8mnGrN4nwdg,32,126
QpNmxMqXqBQ,32,126
VFCO0JfMUkY,31,120
2s8tM4yCtbw,45,177
9zW-E0XdWdw,60,237
-IlFdaVdEyU,13,50
6KB1nFOZBvQ,54,213
5w0Vzjf0b5M,47,184
Ad1NjLQ2HIU,51,200
1QxDi-op6Qg,36,142
-6GyeudnUNw,47,185
4VLTpekqURg,29,114
0ZhfGqLHByY,12,43
Obs7qVZBcs0,27,106
UzEFRNWEqQ4,48,189
5wZgw3ig6cE,46,180
4OgyY4kz1y4,45,177
5ZUw8QrF17E,47,185
3Zg7skAmzLY,14,51
6v5XDzj9RGc,51,201
5ySvBvJDZYI,46,181
7pYcoCUlHL0,40,155
7LzcWBu-Y6A,44,171
3GTRojM9gJ0,41,161
-bI2-J8lyQY,12,43
-IpGWTs7ckQ,36,142
0rrcR5ML7aI,47,185
1XpJzqPCi2s,49,191
-9k2Z_hxYpU,56,221
-AkrCGMWDxg,40,156
tKIl_QcmzxE,40,157
2b4ACbRvvkk,55,217
2Y-f9zWKpI0,32,123
-30AswTAoUE,33,129
0ycCgEalAHQ,32,125
NZXyPczb6xE,45,176
6sYbxYnwmqk,60,237
-pwgypWE-J8,43,169
sFhwuCH4-J8,41,161
Xhn1pe7OXeM,31,121
l4yv0-9H7nU,52,205
5u8yBe_LLVU,45,177
2Uz5aN8199g,30,118
6bE6neRNXBM,25,98
Cg-6sXWQ0mA,39,153
0knzE1AQ_xY,38,149
0EFNlHiFGmM,50,197
4W95grYH1Xk,28,109
1135eQaRmVQ,35,135
-tlccbUblio,58,228
-VZN4iUSkQk,22,83
9lZuoDTAaDs,42,164
0-RVVvC8kD0,43,170
Fu-lnC9KbdI,39,152
xUh3zW3bkNU,19,74
eM4nDN84gNc,60,237
4SIvARU12AA,34,133
4vrWsmXfMdY,46,181
5Fb4UB7Rw2Q,40,157
0-52H7-ABkM,60,237
2XYd2yIQOHI,28,109
IRYOU5Nx10c,48,189
0xRpeMaCjkQ,23,88
3Z1Q5kk-W3o,39,153
4BMz5f8t9eg,47,185
2quZjuqevWw,45,175
2Zctd8ryM9M,42,165
1FOKvagRg3U,45,177
4nmkq1dhfDs,37,145
4a2cXp1KbnE,37,145
cWWzSdDG-xc,56,221
Qos5iZOP66A,44,173
573QotnRHDY,42,165
ICIG9ubOR0Q,42,167
1Z0JYfpbPc4,43,169
Jj3Ie49Mzik,31,121
6GW2IJDwr6A,45,177
4EvpRRHJ_c4,20,75
1zr3Ugsz3dA,43,167
3N0eacoj16s,16,61
6juv8ca7fyE,40,157
-V6lKFFF1-s,39,153
7b-ksD2UxQg,39,152
-BepfxVqDRA,34,133
rTh92nlG9io,44,174
7249eC4eWkA,40,157
5YPRPCc_vC8,25,96
B1lIktw-MSE,19,71
0FB1avxhG-I,60,237
s_FLZ-ekB2A,47,185
4DXzX4Jt-DM,41,161
GyHmkrrU0ZM,39,153
IgVdF1Igzis,14,52
XYLDjkXAuec,43,169
DHSr8GMQSqw,57,226
5CffrmMy0n4,57,224
JgCZbn4JoRY,46,181
YzCK7OtGzqs,25,97
8VKpAs2kujY,41,161
0MVpGi3PjaQ,46,181
5ZwK1iGmnRg,49,194
6slrqypt4II,51,201
9zeHw1pBZoM,38,147
2cRPzzZV8u0,41,161
57byRCGub_A,42,164
7ETTu8UnUlw,30,117
4Db-g-FYKOA,20,76
BLXwpGCn2KQ,47,185
0iVM2GY3R_c,48,190
0TTcaY-XAWs,33,127
avhgeclEu8k,43,169
3ABx8xzQcs4,45,177
ml07DEX7png,42,165
75oAfUbcvlE,34,134
5IdMConJdQU,57,225
RnNmZMhSj8c,44,173
Ar5_nY1UZ80,44,173
-gBOodnUBbs,48,189
6VExUsXQWDE,45,177
aCUZuMblJPg,38,149
1cHytEzuSSQ,44,173
-ukqIV-MwGA,47,185
_iQ2hXonRsY,48,189
5cprmIwHCII,44,173
1tlANap1p6k,44,173
3RpafqDcGGU,54,212
30urezh_Asw,39,153
B3AEGLkdpCw,26,100
Rf228YRydiY,43,169
9zAUCkNmFzo,44,173
rzsynvpZKMg,49,193
Cpx6FipfbbQ,38,147
1BKWgxolLpE,48,189
7nLx3YgqINg,40,157
3NqV3u8pt0A,41,161
3Q6bR-1HMSQ,38,150
-3Y4NuyZmvA,50,197
lsH-2aCFzP0,45,177
g_DBLppDZAs,32,125
F-yyHi8weHk,44,173
-elLA6vzAig,45,177
0RL4VVwvuyQ,49,193
3EJqSIq-804,24,92
4XYoF6G44mw,50,197
9kaESpBMmME,41,161
0wAN5P5HYZc,24,92
GTNTgEhj6HQ,39,153
SDLwIwg4118,41,161
64xZG8lqIxc,41,161
by5umnFUoI8,48,189
MCa8xcBlBe8,40,157
-ULEGnrT7DA,54,213
--EquRwM9IQ,34,133
H6c8ZDrdUaM,42,165
-c8MRzSY6BI,39,153
3zekgmpog1E,39,154
F2-PKsD5-Vk,42,165
06SduhMtp0o,23,90
dbD0nVfy9RU,27,105
50cOkl6Mz5E,41,161
6cnGcFSqP0w,47,185
-AfJKhf6P3U,48,189
r0sNIPmMxTY,48,189
57Q_RHO0qA8,26,102
OSlYn9hTRFA,49,193
Ac1QcOTLM54,43,169
8VoDhx0Zsxc,53,209
5RVvZ8UTUEI,45,175
3G6CJHZEVYM,43,169
0ESzG631uVU,39,151
14ilaCAChTI,38,150
-8YTu7ZGA2w,41,159
0JVnPufrhQk,44,173
5-7ujLGM_kk,39,153
MBpo7SjWMLk,45,177
-5o4C4ZtHSU,44,172
-KwY9V7esWY,49,193
3-UpzPPs4ms,34,134
-XIpY07w9rQ,51,201
sbZ5Ls141fg,51,201
-LhdkjK8p1c,41,161
8RJOXtHbIEU,38,149
-nlkWWphiaM,48,189
5xVe-bGbbYA,35,137
-yxiMCu_7vc,60,237
DpiGR6_i4Js,45,177
9vcj-6k9Wgw,30,117
-3lvuJ1-KsY,44,173
821ONE20Wic,44,173
0r-jq-oo-mI,48,189
76M0ZQAYcuo,41,161
1gsVyTb-bpI,44,173
3HVKiB3JJjg,48,189
7s9mauGqsfY,60,236
-WyUAnVpexc,40,157
46gkmd8hhYo,60,237
255pX8XH3qk,58,229
9Srnaag2tCo,39,151
Sx3WV9GSOmc,39,153
FQHhMhW4sHw,51,201
VNzEAjztgxg,51,203
DGjkxyD_Atw,40,156
-BmsJloyzzQ,21,82
MxxJWqd5948,41,161
1ZBCG2w43Zc,11,42
LQsjgYb7i90,53,209
ZLtKerokcPg,52,205
-NromfAJyZs,47,185
1bDnMimRNRw,43,168
g7bhQwjUSq0,45,176
Hf_g1O4vnT8,45,177
5n7mg7rsZZA,34,134
bWyrxAZCOhA,42,165
4sXlS5b1ddU,28,109
2aic1tw9QDs,44,173
64Ymtt704So,48,189
2WVYxPWKtnw,53,209
Rnf7M43L6NI,43,169
VUO27HxWQfI,48,189
CTsnrMlKJLc,59,231
CcTh0v2Mn-s,51,201
Evcc0nGFkKk,17,64
0d-mPaguXrE,47,184
0eeiRpeMjcQ,60,237
19MM0-sTE1A,34,134
t3-n6Edtbuw,60,235
5jtMWks8_Gw,40,157
Irx-WWFsQYU,40,157
4dSql5v0xW8,50,197
2E0cXm31egA,42,165
e5fApHXb3sQ,24,91
95k_SAYWRuk,45,177
0Fic-_yXrac,47,185
b13wSZzApXM,40,157
LK0um3j89a0,48,189
-Gq9GTPeFow,32,124
2nmH6YheSt4,42,165
APag9oaOG_w,45,177
DAOiwsHWvAs,46,181
33_YqohDPpE,43,169
FST20t50lSo,40,157
9k7Khcf6--E,59,234
3qFXQFnKt84,51,201
4FTp-xLgWRs,12,43
4i9DgH80kDg,46,181
62Sboyh19LA,57,225
-b_vZ5POeYc,40,156
1-feQHDL-Qo,39,153
3z1dwG4NZYo,42,165
-NvDh4fMiWc,42,165
0jDIN0R1sh8,42,165
-bEkbv9dqNo,31,121
As1qH-6EF4I,46,181
hpmojn45XJI,48,189
59wA0XbPP6g,45,177
4WyUu3T60Xw,48,189
1mIiqLQ0lTI,43,167
dLRlnhW9_Pc,30,118
1LUdHIHko6Q,45,177
5V51JifwW48,60,237
4ZDqNkTEf2o,52,205
IE4pLXxV7MQ,47,187
aOOqSWgmRJM,56,220
HoJJ9jdljtw,43,169
2fpyWh6LWCI,54,212
4g3ntrQGgDw,46,181
-G-o-Y4WuaU,45,177
WMPQ44bukK0,47,185
27ZSldfo0fg,49,193
48iF1l50L0E,55,215
-r33LL85TpY,37,145
-qAs48RJWv4,60,237
1u3hR1PNYf4,42,165
6bEt4H04lyQ,40,157
7V4k-NnQ2-w,42,165
2odAQZHNDRU,31,122
ABEJ-xAreeQ,18,70
-NGTv0zfA20,38,149
wkBzgIE2qlc,47,185
3Lj2Bo20ulQ,49,193
HWAeBWk6O-g,41,161
2syL8-wPM4M,46,181
5wsn8VwsWtM,33,129
0-vcLH45brE,50,196
Yipbny9beVQ,47,185
71FW0VoD4pw,48,189
0OjfW2Rf3SA,47,185
KBi5yWlVwpQ,41,161
GxnUY0u8fY8,43,167
3A5JulzoiJU,38,149
40GvrkNyQR8,57,224
4U7-yPWsR5g,45,177
0QCmjqhcsNU,51,201
1qpMU9J5SYk,29,113
n-A3BJEpmz8,20,75
2sBFY3RZ6uA,43,169
-Gbohom8C4Q,37,145
FtoX5tmMPzM,58,230
-UoTV5by38k,38,149
2EWHjrM20tE,32,126
2JETQ2SuG_I,39,154
fWjgRBl7LNc,52,205
6oT76YWr8KA,47,185
1iNLeP-lOK8,31,121
0WC-BFAMpDc,46,181
1n6JyJt4kJ4,43,169
1--GDPNSdlk,18,70
CxIDfBbwQPA,44,172
3Wr-Xv7JPSk,29,113
2Er_Xy490zg,48,187
5L-Isq-rwRc,41,161
16th_TIPv84,41,161
28ehZa0fzmo,38,147
2tP5a_zb5sc,56,221
JcMhOe-DHoE,48,189
_bAVmK7n0fs,52,205
2CQ7bCvGY9g,47,185
7Cey4yVxuSk,48,189
02jwxV2OROQ,41,161
-O4W3NA5-uA,35,137
n2JanKszFoQ,51,201
XlNjNdHWP-4,41,161
0lXPYBYtBt0,36,141
3sj_-6uX3xk,57,224
6yuPtuABIik,58,227
Vdh_JIJCLxA,48,189
7UMvXLA4iiQ,47,184
cpUEWtVa8PQ,43,169
blx-t1rlHhk,44,173
53foRGhe6LI,50,197
-Vu8x7fsYRk,51,201
-NgPbto1Vr0,42,165
L91DeeZZYnU,43,169
-lshbHAJMQ0,45,177
51WhD6xjzsA,38,149
5DwlGkFX_GQ,44,173
7uPdxlAj9DQ,39,153
-YKCuLVqIWQ,39,152
4Nl7TatAIVU,39,153
8vq0Hz2L1hY,44,173
Lw057CKQDCw,38,149
67cDXYuId-A,39,153
kzxanav4Q34,50,197
wTOSS0cx50s,45,177
5sEi4RDJVZs,43,169
5xqGufR7uv8,40,157
2HMHcEwF95k,40,157
4inDbYLMsk0,42,165
-D9C44rqExM,42,165
DAOwxWEn7pg,24,94
-VJYkfG04W4,45,177
9RxMovjcgP4,32,125
_AUtYTaYMrE,43,169
Elo7Rs9VvsQ,46,181
fFu6-om7EU4,32,125
8mOksvfiImI,40,157
T3f3Y-eO7Bo,46,181
99S_kNvVd8U,40,157
0hKJhmgR5yY,40,157
6DX9trPwU1U,44,173
QKBnZiQ2K24,36,141
4oapd9jq7jI,48,189
-HhLQTm8yTg,48,190
3iNuhKGnDHQ,60,237
7hXHqqBFtRw,43,168
3K2atjzHGtE,57,223
E6TSYy7ikcs,45,177
HOTCl7R7UPA,54,213
3o-OIwrt0mw,50,197
VT-rnRYiNdo,44,173
QPyLES56O1w,47,185
5K6G403jyqE,49,191
4heiBUr2Bow,44,173
ErYkQ0i2v6g,40,157
4aCLgm--Wzk,41,161
A9LkQyImgNI,37,144
ENQli94rpHM,40,157
7WoR1bTCyj0,30,117
13J_WcKx3Qo,41,159
9AXxJYM4daU,43,169
9pO5C-uMvko,44,173
-lWJgyAa4Tc,18,70
AlsDSDTiaWI,46,181
4yqIXHBF3Cg,21,82
ddshpQOcrG4,41,161
2a4Edl7MslM,57,225
-pn-dj0g8aM,20,75
1wnDlGkx0V8,41,161
-Lei1usDQio,48,189
-Vc_2XxreJU,49,193
7t4msQxCG44,42,165
U_mxX7h_I_4,43,169
1Bitv6WwIJ0,45,177
61Q5iwBCa3U,47,185
4-JleWrZGq8,42,165
8F4qCybC6Mk,50,196
1S8jJrEQNHQ,37,145
pZG7CaFjEiQ,13,50
-tONalCF3Uk,11,40
5idyiZ2MIpE,43,169
3L-zuyZlGPk,44,173
-gxXtQyH-JI,48,189
0ktMpJ2XwRk,50,197
LUHZB7Kx7hE,44,174
g8ATSr0C6K8,28,109
1WY3k28eU7U,59,234
6Zn4qXw-2ew,46,181
-ThiuDnVGMU,38,149
-s9C019aPCg,29,114
6MCu52dQQWA,39,153
7rG2VJq9XgQ,14,53
56sgczm8lTU,45,177
9SD3EzyPpXk,37,145
Wqqx_L1r8Hk,41,159
2NQUWqAFUy8,60,237
IBVid9pEOwk,23,89
-r4vbRkcndc,30,116
7zNCY45TUCw,41,161
8NIUfORnK8g,43,169
1JF_VjVjPA0,43,169
2SchRwpsT7s,25,97
2XFDeP2JVBo,39,153
25RF3HCyudA,60,237
5KKGXv2yOuE,44,173
4tKABFCejJo,32,125
2U6as8c6-x0,36,141
7JCV2B6mbDo,43,168
5EuBcQr-alc,25,98
-XUb2wq5U7E,44,173
-UH48WJgxZ8,49,193
2M9-tXoXTcg,50,197
40xqOdDYf24,36,141
07gGeI7LT9s,14,52
3RA26K_F3mQ,56,221
2_ljDKHdv6g,51,201
VhVKUAk6_R4,59,232
4eNwTBQ6gsI,40,157
03ZczP4rc90,48,189
3SxbsmCHrmw,17,66
3RbcEv0VSOA,48,189
6XOZel2Nvpg,42,165
-8cgbhIR_pw,42,165
3fGA82xboe0,22,84
Q6CqAFnP2Fg,42,165
0BhhYpDRwVY,47,185
Tu1BmVrerAw,48,189
JnHUCnS97x4,51,201
-Fec3Hn9D5I,32,126
PXvygAB5RKg,59,233
MbPDtTzoOj4,47,185
YeOcx1ox5gQ,43,169
7T7YXd1NYmI,56,221
2o5phG83XgU,12,43
-xqGc4Bbm9Q,10,37
0kuIP7fLNpM,34,131
5XkYYom37u0,16,61
4hcHr-U9cgg,42,165
-sE1m7-2urE,45,177
66_YKlaJzLc,51,201
057oMltpCUE,57,224
02y47TykhCI,32,123
kDx7E3WanJ4,40,157
2DaEW8tcMvo,46,180
5GXG8uNK7QE,45,177
0KKo3j---_o,15,57
0vHbWHpryDA,52,203
hflYLQsp9VY,34,131
1qPK0R15kUA,49,193
0yxJzCQW5zI,56,221
Q4s0TqE0jUQ,39,153
8EJYBqykSjs,31,119
4OFgmRSehl0,41,161
7eMF2dZCkq4,45,177
42AJLhPyyK4,47,185
KXn7InqM3yo,53,209
1aHGrVdoIas,12,43
4xm2a15Ds90,44,173
06JVJbOIFno,51,201
6gMuI6vSK6k,45,177
1G20_5e_WgI,41,161
66vJUlO53yo,30,118
ifHRDBx-ctw,44,173
0lPcHRhXlWk,40,157
wTduj6YOVuU,60,237
HOyov3OS0a0,46,181
-6tJgFlNo-c,43,170
R40DkjVSHl0,25,98
6GnmC5F79Ec,45,177
-m5SJm-7CAs,44,173
He7jOq1MZH8,38,149
-jc0RWAooVI,46,181
1644FIUWpp8,51,201
3UNrlWS46wI,49,193
45vJ2UJrdu8,60,237
2VobmHXDsfI,49,193
03anSMXRpn4,41,161
dmDn2Tqsyeg,47,185
AnpZ8X_mBkw,40,157
1CjLsLG5sbY,50,197
_dvVfWzJlDM,38,149
9Yl8uVZ-Y1U,41,161
2DcuR1OxXy8,43,169
8-b-6bZ2q18,49,193
fuouA3RBqGk,40,157
7bdDCI8Q3mY,36,141
W7u5kEt-q-8,27,103
6fMb-K4G1Ws,51,201
4Iq0UsC_cqY,47,183
-XTdxysGplA,44,173
Ga6yoYQFbxo,29,111
7QZ0-EKMOpY,27,103
an2mZpaPTpA,43,169
1FyjAvZvSfs,42,165
0bvgm0bORBA,37,146
0P-NaNZgJcE,34,132
4j7GbxZQjB8,29,112
1_v3cedYb74,51,202
HtdYwnS791U,40,155
-XGut2JYyO0,32,125
Bd1VkLMBnz4,24,91
1_oZWCKCGqA,54,212
-NPu34as_OY,17,64
JDrpFuzeeX4,39,153
-Nis-cumBYc,38,149
npcdmOfFZis,41,161
3S8bTR5VAp0,51,202
AgtY6m-b3Gk,49,193
0RZRFj7zDnQ,49,193
5aUuN0pydtE,46,181
5XMs35xnGhY,50,197
3R579VFW_5Q,49,193
3tpRdxazf0E,30,117
46yPXf2DwXc,44,173
8r5n1V-S8v0,59,233
5eRKrd6JANQ,46,181
5m8F2mUBYKA,46,181
X8E2Vx0ygi8,51,201
AfkdeLK90zI,17,63
0pCZv-fF-XU,51,201
8oOU2Fk4sYs,43,169
0EUIJsiKAx0,39,153
-dSGWrwYbHc,31,120
5hoASlZuPeQ,47,185
-hChcJAh5N0,60,237
1qsZurB3MXQ,43,169
AlPu_yxLT2g,43,169
3cf7RD10JB8,52,207
YuvmP7Lsr2k,60,237
4GzG-sDAwmI,39,153
LDzb6mVK4nk,32,125
0Iy18mslB4A,41,159
5dVYLw5jPuw,40,156
2KDS0WI-0G0,48,189
4ooeMv8m-Wg,47,185
8QTUIVGmX9c,49,193
9qocBWaKX1o,52,205
6cKguK8Xvso,44,173
4VSUe9b0eD0,40,157
49qZtbMmFbg,50,197
7QsxGFPOZrQ,41,161
Ce5Oz-0s6TM,16,59
8PZvPpNj2Mk,54,213
9reWgXrJBBk,44,173
-MXSNjWmeGA,60,237
0i3KQ7BXMKo,46,181
EHiNnO7ZU9I,36,141
-XyyXV_Urss,24,91
1k5y3IqxPw0,41,161
8m-a_6wLTkU,41,161
GpCE19eTlaM,26,100
31z1QpPiDLo,43,169
-ROt2go3ALY,27,105
6-IIVW4zP90,32,126
-h50KNMLMTQ,43,169
2Lp22rva8Fg,13,47
6cn000ut7LY,46,181
XzwhTltRQcM,45,177
DfCTXmNRj24,40,157
sKglR9n1aFg,49,193
cSnTCET2CsA,48,189
-StHeHGyakY,34,133
7fsBIMRNhOE,45,177
0ccZV4hBeE0,45,177
8xQNjW9C-Z4,37,144
-2jWRtFugLs,47,184
0TqOnQyMK_Q,59,233
4BsFhOdmDX8,40,157
-5ZIlKvRDXY,60,237
3qMYEZUkvcU,41,161
22b6SLUvGHk,44,172
6jrJRXXSwC4,48,189
5rOjd2V-u3M,44,172
7c6wg9W8DEc,46,181
IjYuKLUKmh8,40,157
d4oxPjwddM0,48,189
1jBAO55uVRE,47,184
Ke78LgKo0bA,42,165
J-QMhDo_PYs,46,181
ZvSaahj1hUk,56,219
3aCgBsz1iNc,43,167
3WwK461oEOw,37,145
6KemQg8I9kU,33,129
CIJ9L83uKtE,48,189
D9dGWAbAvxA,41,161
2zV7mQ88Y6Q,54,211
7q4Tw-cWlnk,53,208
-skkrAGrzJE,40,157
3mPTShE2fHo,44,173
66e38paUGRs,34,132
3r-CZoB664Q,15,57
QK-mjNg8cPo,44,173
0wIFDj6C1BI,44,173
5jq-_gsRpLc,49,191
-1XBP-nZ1bQ,43,169
0e_96pcTzKQ,48,189
2U9KcK_iaa0,55,218
4a_ZErzvTb0,41,161
0_yN1k-S99I,44,174
6ragcEJVErI,39,153
E0gBwPTHxqE,48,189
5RNE5OyxV4k,49,193
8T4pNCjbwWo,30,116
MV3oOUCBNWM,41,161
33WWdcw7GHA,45,177
EBsrYSM61LQ,49,193
ID9p52w2ah4,37,145
2yfkZ8LIwvg,26,102
1Fqo8o0eHqc,43,169
0IifN4Uij4w,42,164
-7tgLpZ1frk,39,153
-g_C2ZREHdo,46,181
-Wr1LEmgz9w,22,86
wurA98TaEr4,47,185
2xmakxsbZJQ,44,173
99QD6CpLk2E,55,216
-wGAzd51XRE,52,205
-1P74acOb3c,42,165
HwWQUXnD0oo,36,141
84fDGWoRtsU,42,165
3Eexn6Q-S0g,13,49
8GZ4XtkqdKg,44,173
-ahgvCmiECM,52,204
0w8Oc761btU,39,153
6zlXQJrd2Iw,47,185
-1LGZONdjkY,34,132
6QKjfgNLSRA,39,153
554GaSpdcw4,17,66
1LPIxPA6-O8,41,161
-2xxVISlg34,60,237
0qPiprH6DPg,23,89
CkutJYIfghs,38,149
3msLliexfYs,50,197
9RisgTyd5aA,16,60
95es8bOTl_Q,11,41
7AdE_K_fqAY,45,177
enFL-0vErEo,57,223
1Yc_pQAB9uA,43,167
oLknkq-oBiU,23,89
A9BzfIxSlFg,47,185
_-_U21mzk40,47,185
7XGDRZyqUKA,47,185
-ZYx1f4ZY9k,60,237
72TETZ2m4q4,49,193
6H9FujQp6As,47,185
1oyCMW-Uq5A,60,237
2PueFK0qpKk,43,169
LZT90iZ5gLY,41,162
1OFDyTzUj24,60,237
JkiZlL0YI0s,40,157
3-S_AyVj1Ck,43,169
EXFiFg2GX6w,48,189
RllsaWFnyz0,22,83
BTbrNgkqxZg,39,153
1eknm-9sIrc,37,145
1Y2IkZULXo8,49,193
8Egf-P4Tkz8,13,47
-thjsLMTl-o,60,237
1d9c7A3AeOg,12,46
5o9FtsoodsE,59,233
JLKsLx_SGOU,60,237
-j7WqXbeA7E,60,237
dS0NCJkkj0E,39,154
0pU2FRZFXPw,57,226
BS1fqEDAvh0,57,225
1nZXZx22Y2k,39,153
Ysqh1uzqGrc,44,174
3ULscVAPW0A,45,176
45n7zg6Q11M,49,193
-Wicy2cYTc0,12,45
3AD5ydK9Sew,51,201
3aOYA0zeUh0,40,157
-u-OViTO-UA,43,169
jm6XoR98X5M,32,125
DmZl7n1OMLQ,44,173
ph2g0DZNiZI,47,185
ErMWX--UJZ4,48,189
-BpgDEXKdx4,41,161
7pNsweQvfXI,42,164
s5YKy0zJOIk,51,199
-lT8tMutbJc,40,155
36xzrUTlmKw,49,194
0YSq9lCEQtY,43,169
72zaiYtRhkY,48,189
-R7YU8bHwBg,46,181
-pIbzQqpB7M,60,237
0XbqnVocHNE,47,185
0dLxMmNd5z4,34,132
CCrRIQZ1NPg,45,177
7sitGun2gfk,52,204
2J5Q1Q8qTzU,46,181
55kTgMoMO54,44,173
-XO_VLi55tY,13,48
0IStDugr5uA,43,167
19Jb7pa3NHs,34,133
4JjxYVs8WIU,41,161
-S-5z2vYtxw,28,110
JPrmEnRrPr4,55,217
1Eb_BTzbRKI,39,154
1qFF6k7Lzb8,41,161
CFWby4EDWVs,39,153
3vuhnGecNGE,55,217
0effOAYfgLk,44,173
0OJ1z9PNUm8,22,83
Ef0c2AieZ24,16,61
-nkbO5QcxuE,45,177
1WaTnza9cn0,48,189
-4eXuXHZw_A,38,149
yzvEwiMw7Hk,48,187
B17FU9g7Y8g,40,157
-p8Zjtalh_Y,34,133
Jz9SXggKzQ0,44,173
0_0l1A9ga7k,42,165
3ivPCS8Jryc,47,185
6rACE3q7IFU,56,221
FRb9sSaF6EY,47,185
1mlUy8CU0zo,53,209
1fT3ac-PuZU,48,190
0SHlE6nAdg4,60,237
35HFjLYQiwY,47,185
408uaxjumNY,41,161
2ud7bBTRfOs,51,201
-ZbSjOGb_sA,43,169
4MBPTCq1FA4,31,121
0FE2J7RJrco,49,193
0kchI4s-vdY,43,169
-rmsTQG908c,32,126
-Dqi6nNtnWI,48,189
oY1DGybPCTU,38,149
BR_GZnsBJT4,26,99
38TGl48T-aI,36,141
3obLPXCKYpM,36,141
5Zzthqc_ln0,36,141
20d4vfH1r7A,52,204
898NtBwYP1U,43,168
8OKAwDv20R8,15,57
TGONNoxESV8,60,237
8UrEmskX-XM,44,173
pIHQ5U7YtVs,49,193
-x8HgXnpf0s,45,177
sY_EvOAd4o8,22,83
5CWAf-BtBCQ,42,165
sB5ZHXFY63A,45,177
0I-nlPv3VUA,40,157
VNWkz4TeE10,41,161
3Siktd9wTKg,27,104
6OraLVDniVg,27,103
5ywmd6tb4bU,21,80
3nWeAosWK40,52,204
2HIEvq9zTDU,43,169
-SLFSGPQuXc,21,81
1vDIhOeMduw,47,185
-X-YXdnHG1g,60,237
knzA9iuVOdw,35,136
0VzddQUqVCQ,32,125
8bmdnc-htzQ,52,205
-ftpmHztWnw,12,46
Ju4r0QU0Qg0,48,189
DgdHSmwA1ak,49,193
_JgY3UNXvVI,51,201
IPIS6TUVpSM,45,177
1rmiM8_ptfE,54,213
gA9Nmsj3j1M,59,232
4GY4p7ADQp0,50,197
6xlV_D4yJDc,35,136
12kowhXJKp8,39,153
2he57w-Abu4,44,173
AjbyESmmyts,46,181
-FMH8bwF9iQ,46,181
JfDeETDDwhM,46,181
2ctt-MkWbPM,49,193
8Yusmkj9ULk,51,201
6dBcpIIbMCY,18,67
0zjb1cI6aEs,23,88
5XKAszJ9h8o,51,201
-LWTTrdTi9A,36,141
3U5sOy-Y3ZI,39,152
7TekxUygj_4,49,193
5ryj8qWwMis,42,165
6zRcsCWoxsk,32,123
0UGEPNFwt70,60,237
4WGAHrLw40g,55,217
n7t58h1fwc0,52,203
-_JY_gVLNNQ,47,185
2xLGCDDgO7U,44,172
0u89nA_BPoI,50,197
-njgrtk9oEI,43,169
4j5CsFnXIfM,44,173
6aMxQCx0-wI,44,173
0AFOq7PKDDo,55,217
1jBbfjnSfB4,49,193
KGOC3LgDFKk,55,217
DjP79KogUuY,45,177
-_lIeDXKHEU,48,189
-SPa5NgtBNE,44,173
-q-81SRadL8,43,169
3Jlf2R6FBRA,37,146
F8OkghIn9L8,26,102
6msywWVFPfs,47,185
066wkfpvsyY,41,161
3etbftLOa-c,45,177
6bWUBEtshCg,42,165
6sys4dFJbQg,25,95
0OA_IBhFAjg,60,237
-XbCC_UocHE,24,91
2ORYhjooOxM,45,177
-1vfxCtpdEI,42,165
5-zP0TQhUv0,54,213
-z2PDN-8CN8,56,222
OQNPx5C94KY,39,153
2edk0gKJzAA,52,205
41V_J6hdEhs,47,185
7isyWZIIUIQ,26,100
-QMzUFcZM7w,58,228
ya6nAREgqLI,42,166
1ZloXG3iHl8,40,157
56kUiNWIQTQ,16,60
W4acKG-KSTE,38,149
6X8X2Uitf9s,54,213
TRW3OqA1cXE,51,201
1VKgOyxl3vs,59,234
5cVTzbGJGlY,14,53
2WnJR6sOGj0,40,158
0Um0epSQe8I,51,201
A7DQjMwCtI8,44,173
eo0BtTJ9axE,45,177
3hH2e3W-aXg,57,223
0I747nTTCo0,27,103
Ytblri7hn-0,55,217
36RFAar8x_Q,42,165
6pfjaU9GpDo,34,132
15gUKMPjP2Y,46,179
5-FuzXfRlc8,44,173
33b1lyo2EOg,36,141
Mm95l7Aq3dU,47,185
BHDhHO7J-Oo,51,201
R44hoaD-Vho,29,114
0PBX4Hh3GEQ,19,71
v0jYFDv8kSc,30,117
0eRfme8TE4M,45,177
2dehkZMjijk,47,185
-0DIFwkUpjQ,43,169
36FzSRn2mqo,51,201
21DGsZgv4kY,44,173
5BCHppOH_nc,33,127
-e4lzT3PHs0,39,153
Izky6uHwhS4,21,80
3amPNuu8pig,60,237
2Zp97ZmyGyk,16,60
-zHk3s6BkpA,44,173
0YmoNXCSVzA,50,197
0ioRPfQzAW0,47,185
3z6K7QkTSd8,42,165
7oLU7XjXlv4,48,189
7mXKlZ1vf88,21,81
5GvXdhlYAEE,45,177
g-9SK0or81c,55,216
9WCBERdFjz0,40,157
6PV8iKqxjpM,50,197
3_2e1C4YMTU,46,181
-jz4zbRLO6Q,54,213
4GsJe7tvsl0,50,197
4zSpvvvFNRw,52,203
2LAnO_WlMBY,46,181
-9Y076KDt2w,48,189
2jyQeYFdliw,51,201
OyS0I9soWvA,43,169
_Vgj16TXFdU,23,89
g247CEZ9p70,52,203
-yby37u00N4,49,193
-A6e83tl4Y8,48,189
_eceNIlHt4E,47,185
kYvyOw8ZDS4,43,170
l1coM570kVw,53,209
9vGLpPFc0Q0,44,173
L3lYFx1wx-M,49,193
A93lG1mb83I,44,174
0NygHdYqcYA,57,223
-txQYl9o19Y,51,201
0cP47d_dU9c,47,185
2nF2Lql0_Aw,27,104
DevY3IXk--M,53,209
0LZRjI1MMjk,21,81
5wI-hTKNpJo,21,81
WLPj0LIokkM,49,193
AwAFAi8sa-0,29,114
0TiPjkcR_Vs,43,169
2d43OFDr5aI,12,45
4O3bZRYOLZA,47,183
B4z-sVTAhwE,53,209
49-i7nQSfa8,41,161
0dIqY3M1BB8,14,51
2EpjFGvd6ng,49,193
tFnfJ5XKIrI,39,152
74rZ_mljj18,52,205
YRGWXh1r7I4,56,220
5g69diYDzGI,53,209
1OctTl0hkTw,37,145
jK32YxTVs1M,27,103
3GW3U5bO6nk,27,103
4lmtlR2SOh0,44,173
-a6BSsPI7Ac,43,169
JLtieDCSa6Y,36,139
1WeBcb6LPok,33,130
4kIMv2FIUWY,51,201
Ibbl6TewkHo,45,177
XstB4YEsoC4,22,83
LEZfZZmiVsY,20,78
0r5xzu8b0bA,43,169
0lR_385n2fY,59,231
0ZPoe2MrWt8,40,157
3CTaqm5Zoak,39,154
F1kvdGFilD8,34,131
1897RroMaWs,38,149
8tnY9KIxKBo,46,181
0-jvBXFUcEw,43,169
5ZK-f5J8TZI,44,173
-C32AFtU9Ss,39,153
0aGA6Xdx-B0,27,103
1ZJtMAXgo_c,35,138
CjAyGS9ExPo,43,169
3bCAJVlUJ0Q,51,201
3d4Q9iU5Je8,42,165
FeXZY4eVLlo,40,157
jIZvq9sRKvo,41,161
8RuYfw4xqZc,49,194
e4Xh8ZImhUA,44,173
rFGbAdLUiiQ,52,206
OLPHQdNXZpY,39,152
-3rHVsIj1M8,44,173
4uJPjs11who,32,123
bGN3wNEN0Gk,23,90
AXpRMbBmGFA,56,222
-iijak82s6k,39,151
HgNaHA4LNxc,46,181
4ByUnyBjmSs,43,169
-FYbupIu_5A,27,106
2qgOeAgtWi0,55,218
QpmcGb1BffU,44,173
-_E-_030mGg,56,222
BX4o_mGWmfA,57,226
ddeSMfFLYTI,55,216
0e4deCb8gRQ,44,173
0i2l7FDzMbg,41,161
6ob_FwPEXns,41,159
06QXM3kAGxo,52,205
-adpq1zKs_E,57,223
8D-0EsoiWUo,59,232
p4Kt7HuoT24,41,159
0AS1ARh4tfQ,45,177
-ZMb-QiqDJY,52,205
0olhNr566Z0,46,181
0ZeluKxEdWc,60,237
5_UNIL87iis,29,113
IAUOYg9aPUM,49,193
7KtXwg3mupc,44,173
BjurZcPAVyE,41,161
HgJaV3YXwnM,36,141
-9i-cKl0Q6M,40,157
29qN_hyfvNY,50,197
5hxOprt5W2o,47,185
0Xv7Tucl5Vs,43,170
7Q59Tviu-6g,37,146
A2HicvJJZ6A,33,130
KhXcEu7r6m8,39,153
5kfIDwM31l0,38,149
6aYfccsgIjk,60,237
-tPtpv32DZw,57,226
4aNGtCv4cYc,50,197
0dwKkl7Nydw,60,237
6IHDKTiGoSg,40,157
0q_vFsBN_Sk,33,130
4GRzk4Wb5v4,39,154
ohPrrSyvV-Y,55,216
40SIeC7KGlQ,55,216
5aJiEtZUzKA,54,211
CYys94_AZqI,30,117
01TCDVlMtD0,15,56
-OChLdShE-Y,42,165
yAE-9UhBWzY,41,161
5ShuxGIpTXM,33,128
2bAYEFawJZs,45,177
5tVUZcDC_Ss,39,153
2iQF2bx6ztI,45,177
EqkH0kLuIic,41,160
7uSAlETfM9A,40,157
IjvJou8tIXU,46,181
5KV2O9bphM4,34,133
8I08_rGkEEY,32,124
0VhqAZVn-bU,47,185
ivO3uWmRTa8,43,169
bD5MT2FoOJg,41,161
4PcQN5WsBwo,30,115
0emz_5tKy-Q,21,82
0Ksb8i6I5uw,49,193
0gQnoiBH0Cw,39,153
sv35ItWLBBk,52,206
7Lq0VRYnIE8,42,165
7ctMACyHec0,31,119
RgvTdT46MXs,30,116
1z2EmcLouic,45,177
X8yUSV4oqoU,36,141
oMFZJxn9Yog,17,66
0saGA7KmMM4,50,197
0gsEsqf4i74,40,157
ZW7eH1DORJg,44,173
V1-Ev55t-2c,47,183
lnHdEtuXU8w,46,179
84aO7iOmDCA,32,125
1OTyRCUni98,34,133
2pr8ldicAfY,49,195
-Jcl3FrHFCc,47,185
Qr0NkH7JM8Q,53,209
b8zqp7thCkM,47,184
4cyi9yZXI80,42,165
dRTQglfs7-Y,44,173
nGqzNDdhGrk,53,208
hB2DZcypK0Y,53,209
-YnLGckapW8,37,147
OwbF9baVlN4,36,139
fPV1g05NMfE,37,145
w1h40C729DU,57,226
XE0yaKh5vj4,43,167
5u9DulGZZ4M,41,161
5BGJF982_bo,40,157
4MMxxtO72AY,48,189
0TtBBb99TF8,48,189
KlTTpDOhFUg,44,173
2fsWqejVnC0,15,56
9TDFjw6eF5M,48,189
7KzlEQFVkKQ,43,169
RtEfyId06d4,43,169
2-lykiK0hqw,52,205
2Yi4Z9-cuiE,42,165
65xlcIjAGX0,30,117
-KI1_0FVUSI,49,193
48KCbqvwin8,33,128
8GfPXWobY9E,55,218
4tnwJe6vvrE,40,157
2_AwJzxpf6o,45,177
BKExZZNvzJQ,25,95
2YreOlnWtYY,53,209
0_ppreuPMuk,46,181
BuI-u9_tobo,47,186
-LnO0gwFvTU,51,201
-66S6r4EjC4,41,161
-D58XABgrM8,14,52
AwpMS3JQNY4,48,187
-qbPc4nh5ac,22,84
38DktuXxeqQ,36,141
pCVVjcjd1yM,60,237
0QgATk3Gvs0,47,185
5MpBzpDeM7E,47,185
3l50sxnbSrA,48,189
2CmkZdEpV04,39,153
6DsgOGGLoy4,42,165
28wmLaTBuFs,23,89
ObhHyU04C40,40,157
10RkjPIguAY,51,201
2nHgn_H2mEw,41,161
-HURLJm2ANE,43,169
3o-Eaixw6ec,41,161
sWu_yhVMxEU,47,185
28EiKroYXXI,49,193
02gYcWjr6m0,43,169
8uwbmzU-D7s,43,169
1CUovaiMy0I,35,137
-RQsgdKdmoo,43,170
vwAXcR6wRuQ,51,201
20Qw3gponi4,48,189
ol8ZVX3qLQY,46,181
0eaafXX-pPE,37,143
4t-2zL10y_4,54,213
4Y0Vq_3Lfdk,36,141
17tR5NBVT1w,35,136
DKDNh3_r-_U,44,173
0Q4d-Undq14,49,193
1LBBA76-TuQ,55,215
7HhBjnzFXQ0,39,153
1vhU7Zn-VBM,47,185
0_IpxftJCCo,46,181
8vgVVeXnNAI,28,109
n-1ho8xiSGU,50,197
CqfCyTL-dvY,48,189
8f1JIoaMTEw,50,197
9xBsAzXe7Rs,60,235
532JfxIQ6Lw,35,135
6W96lqvbuAs,34,131
5ott6Y1gZcY,53,209
MmMtqNIzmjg,42,165
1nd2m9kcFLI,42,165
6uHHiOXBFrw,46,181
1XtRmOTjPIw,48,187
2UXW346x7ZU,40,157
5nlqa5lp95A,16,60
0fCvDXYSsyg,52,205
NyWZtL6Essc,39,153
0y4U1Py_maA,50,197
6YX9G_26jCA,15,55
3O92j7ue-hE,49,193
6STrL9EiAIY,44,173
73phKdahss8,44,173
11NKszi4u34,53,209
-hss7xpzIVc,44,173
5OGUvwQxWtw,53,209
DYTLct-5tVs,41,162
3UWJsGeBTCA,31,121
5ik8V-SKy50,30,119
-KioPJI1jfg,45,177
mcBEkWVDcmc,37,145
3-jdnWzQhLM,57,225
8P2P2pvhM1c,57,224
6nZg2XnahGE,41,162
piyECZa_kX8,35,137
4FXl3M7xDUI,35,137
1jwPySTLw5s,48,189
9VBgs3VhBxA,30,117
aCt1gdSARiU,38,149
3wZ_HHViGpM,27,105
RybkZKoNc0s,38,149
E3XcvFygCmI,34,133
25vuT9yRSIU,54,213
7tMPoaU2oL4,11,39
7Rzz8I3pZDg,53,209
1SMerEFcw_E,47,185
bydY3lfv7mY,48,189
-_wznbUu3DY,45,177
C5tzeUl8v48,35,135
5bfE3JBmXqs,37,145
1xGkh8Gp7ks,41,161
1CVi2-mplCk,42,165
-2k4RLnPDbo,47,185
2F2-t2MfOZw,43,170
4_yPoe3Pb04,56,222
-4-rtJzyJ1g,39,153
0QhNYZJlPbY,38,148
69yKXDrqXtw,44,172
4GrS-i4j-Ls,39,153
WwJCpREP1zU,41,161
gywN2QJ3QOs,43,169
5v05QrnF38M,40,157
HFQrHE2H8Ho,49,193
8KS779NCWFA,40,157
4vLJTOVpwuo,48,189
3QU-wNgu9ok,43,169
3ad1eWo_UG8,51,201
BB0CbCOUi3w,48,189
-f4zQ9tUAkw,60,237
3kWzeKKT3vc,50,197
3qeykYF7pjQ,54,211
-kllG6bnLA8,50,197
YBtxdjUIF_Y,54,213
4jGrLhMLulA,24,91
-6gxzS2ydY4,42,165
0NDdfOUfupI,44,173
T7fsXVDXFQo,34,131
3pJUVMoajmM,46,179
HhoNDfMa13w,49,193
4KcnTfNbCBw,26,102
7XsWZg3eUs8,40,157
1jc2iZg2JV8,58,229
47o5KUqNshI,48,189
5l4RwPmPT2s,27,104
fJEkkvr19I8,45,177
9esWG6A6g-k,37,145
QOqlkqTR82Q,38,147
48zzkE1MrYQ,21,81
IHg3nrJZQ1I,53,209
0XxvRJ8sOmM,60,236
-EOHzvnHYPE,47,185
0KNSkPmmqWg,42,165
Q6ETsMJKUbc,58,229
5DUtujRe00I,22,83
2mkJxj3uFP8,53,210
7e8tEbQAEco,10,38
-r4r4FdhVZ8,47,185
H85puQUqrQY,60,237
0za2ASEF8bM,49,193
-mKtgDnG0oM,60,237
-Y4Hfvm0Y4U,34,131
-sUXWcTc_1s,60,237
-_JM1Bzvc1Y,50,197
-3yVqL0DWQE,44,173
0v0ibcCdanE,56,221
5cF6I9A1uXc,41,161
F1X7egd8Us0,35,137
2rRTUPQOOaM,43,169
3t6bDDgedcU,13,48
4TFloKBE8a0,39,153
4HXABeeAPW8,46,181
w_z9oSn-eIM,41,161
U_RBTwYagwk,40,157
0HbpWijLnhQ,45,177
2TkyCqUJhig,38,149
5jALTAeHLbQ,52,206
CQzqhM81T_M,20,75
5rBnEVbZitQ,53,207
5OTRV76xxeI,45,177
4HGUgEcC4UI,17,65
N8iIq2UzZLk,48,189
9GKRAt5_DTQ,41,161
0wa5GTKA20s,47,185
2TzI4yn-xmE,45,177
QD_0GX7J2IE,46,181
-kuMTfwyoQ0,53,209
0JGADbfNJpg,51,201
1TOoavfKAEs,59,231
JLBDgOv_4vc,38,149
1YGJDa3aCGo,52,205
0yyodmE6cGg,32,125
jlbtuQqEuiU,44,173
3xqQUeY_al4,50,197
v58hyVRER3U,39,153
_8HcEdMMbzQ,25,95
U4mjEABM6qw,53,207
HByDu4uOFY4,44,173
4D9xrs4YhSw,25,98
3tqwPmOfpxA,40,158
11haWhDPa58,55,218
0ciASEdWOuA,20,76
-bhELtOBNwY,59,232
xPUfnZSoAMM,46,181
-ZFKIudtHkw,48,189
1BctuVhLz1A,42,165
5pY79jjFq6o,51,201
sH9j4mHGGkQ,60,236
8lRII63ywJk,51,201
-YZ5bDlUlug,60,237
68URV_xa4X8,47,185
WvquSD2PcCE,41,161
V22H0fpX_Vg,34,133
5RgHBmX2HLw,51,199
188eC8BRaBo,10,38
1OQpe4gh34c,35,137
DAN1t9ukkg0,38,149
1hAUWw7L3BY,56,221
ZlOFuD594zc,39,153
0aqR4zaYEn4,60,237
6Zj8Amxbzcw,42,165
Bet5bP3g-jY,24,93
fJNauQt9Di0,46,182
8Kp3Ro8umqM,37,145
Fb1yUJr_cAE,47,185
-BTq4AuYlkc,43,169
0MMTmM5OfQc,32,127
45yPZz8d6fA,41,161
8YadZB7-eFU,24,91
14AOXhSon20,45,176
05sksuAixjY,50,197
6lzWYtq5fTg,50,197
2fdx5Ad69mE,42,165
-cFbJ160-hA,46,181
4iFT4mdGwH8,50,197
GN6kEiASxaE,47,185
3k3lbb0Xg0w,47,185
cwq3iq632ys,46,181
-rySnom_Dfk,43,169
-AdWXq6teXg,45,177
-uSBKnT3TUQ,49,193
X3Ukm37HbE0,47,185
1P9yEzO1Bic,48,189
cagBxHqLuKA,38,150
ck13el7VmW8,51,202
-G_2v0L4U_s,52,205
-oASQs82FnE,49,191
-5qzWUgsszA,42,165
8u-6LzNtkpQ,40,158
5w4KGilPYTA,45,177
FJmnucB-Wik,42,165
2hKC_gyijcw,50,197
Ppqv5jc1wUw,48,189
6hpNFfjpFHU,47,185
96NlKd6I2ng,36,141
89HbIJixLO0,59,234
Gmv_Hcg5LNg,45,178
6KzC13g2ddc,42,166
NpGTa9fRvUU,50,198
kr8ssbrDDMY,41,161
--5OkAjCI7g,48,189
2nFyDtm74_w,39,153
t--gsZX-lNA,41,161
EaiB4-Dizms,44,173
6Wi-htMD7QA,54,213
9kY53W3S_dE,22,86
wTujz_6ZG9E,50,197
ONFMei_PpNQ,46,181
MyjxrBI9k4o,49,193
CerhH_FzZCA,48,189
prgymk5U7pc,41,161
2ZJ-kpYrje0,39,153
9X2dgsKfphA,45,177
0383LCKpuoA,60,237
4rTE_wkHPvw,43,169
884QLkT8sBQ,35,137
BaG4cQ-bnKc,15,56
DPdAsDw3chc,48,189
8FXX56zpypA,49,191
gmyjKCxNFwY,41,161
1W9fwoe4O-M,60,237
PM_SMJyrX7g,50,197
53iBDJ5YtQo,39,153
M4blyCNxeBQ,55,217
6Ej0iEeajuo,45,175
5BHRbfdI3zo,24,93
0791S-iJTqo,46,181
lutN6JqHO_s,51,201
-aQDI85itmg,54,213
-d_FCx89tQc,43,169
iw8AL6xHoYE,55,217
0d5Y3zRJJkw,15,55
7Jj1wbt_Uuw,45,177
15oOGuYUNhg,38,149
-9BmQiOdBjo,22,85
030h_KwNm-g,14,52
7S_iHrdfrvQ,45,177
AW5bJHRY30A,48,189
222kek8RzEo,44,173
V23UiMHeJF4,25,96
CXRemJ1ZLC8,49,193
5mLoJutABPY,41,161
-KqXcm-I2zY,37,145
-E1zyCQE3es,43,169
6-RIiM19Be8,60,237
Q9tJ2hxfbMM,11,39
01EtjUk6KFw,60,237
2jg7T6JHZKI,32,124
3yyAHDxkpc4,21,80
jGrIgDaqDR8,35,137
10JMr_3UN0g,53,208
4fZfFpz7K0w,49,193
0c7VOZ4NDvY,36,140
2VoUyhYSPsI,47,185
-HcGf4q6eNw,38,149
1mPZxKsspK4,43,169
4uNheq2wBbE,46,181
Au0x7cWDCV8,49,193
G1Ifpgvd69g,40,157
-ntbsw9IoAU,32,125
1VynTpWC2Uo,35,137
5QBD2P6yCo8,43,169
ANxca_VmPwk,54,213
LNQ7fzfdLiY,44,173
35k9uUWolvg,51,201
IfNWFf6he-E,41,162
0VaWzVLOWvE,17,65
4hOmfChTth8,34,131
EasYbFiP6y4,33,129
3cRIYZWFwOw,44,173
4Cv1rA3TCuw,33,127
0Veq3Kqvd54,41,159
_eBYRnly4m8,44,173
2ERWcrUeJyQ,33,130
-VDS0mYeOYg,56,221
NF1lwZ24RYI,56,221
Arp482w8r_s,39,153
6yO-UmxswYc,46,181
4k_VXcQL06Y,29,112
36PxSfBWBxM,44,173
00W3TGhk0I0,60,237
33hajppi4yg,56,222
48KlxWbSUHM,54,211
CMhmiVXSMoU,42,165
5sfjb1wtia0,47,185
0p_ekWHVTu4,37,145
2c2V1q1AEQo,43,169
01v-xdP2e5E,51,201
di7eVZNlpkw,46,181
5nCVaazCHaA,48,189
3S32ZCgQMTk,45,177
0vV8KOI7zJ0,50,197
07Rmp6MmF-g,38,149
XLQV8cCp3dI,42,165
3mAR1_BZuVo,52,205
nXlPKZ4fHN4,30,116
-zpejomEzZk,39,151
7mGvDtdDZPE,52,203
xTPmoYwgKf4,44,173
-8C-gydUbR8,52,205
01uvpiKI6Lw,41,161
2KDjCLphCPs,41,161
3zJYPgvlwJs,54,213
MYyP6byWZ0A,47,185
4jW7xTLOjtc,38,147
0NQhj_mvLss,41,161
3synV4ZsDPY,53,209
3E6mwYkb_MQ,45,177
3cZ0nF0csK4,43,169
3H34QdLm9W4,38,150
lOcgoVKGKgU,44,173
BzuyMFBB_3Q,51,201
-QfhZrKnFyI,43,169
-BrnUAUA37o,46,181
Z3cu8suJKkI,51,201
28lWKSBS3Kc,43,169
oaKEAU7SoCE,45,177
-RSqSylz5PM,35,136
3uuvwkhewVY,39,153
4aye_iJytHg,55,215
SuWmiq67_G4,35,135
KKFdi5WQ0V0,38,149
lBkMCUiitNU,60,237
OpL_4LxrLtA,43,169
9MYLg9Wcflo,45,177
uQxtRp51LHE,47,185
vb1SalyslCs,40,156
HuLsUhhbZ-s,46,181
A-nsxIIwans,41,161
9vuCJI9uGN8,33,128
6EvDeLnzsXU,14,53
5XrPzlRLnBI,43,169
3zHhwTkqDJQ,49,193
1PCkIkolqy4,42,165
7sDA7Nnf2XA,38,149
9x-64Y8nb_o,44,173
JIjMPvlO00I,37,145
6rQ7766h1Yw,28,109
-40DA8RPuq0,28,108
5TH7HD8oTm0,52,205
Xv0wc_vg8w8,31,120
6JOcDNA3xPY,47,185
UrUJ9tUJynA,52,203
1jJxH6Sza5c,31,119
AcYJvz2tqkA,42,165
2FCpbpy7hFc,55,216
9Rbte5hjob8,38,149
8_piqYWE-jE,19,73
CGqSsiung4k,15,57
6TB4DV68HVA,53,209
1zERcBWfxGU,18,67
6na9ssuhJ7I,21,81
MxafvDBd2FM,60,237
7FLyXxWy7Mo,37,145
-ECRgvDx4xc,35,137
-lq97ErUIZQ,46,181
0W0M_cGSdTo,16,60
tsKGLd-n3HI,40,157
72f67ednp7w,48,187
1fDGejVDAHU,40,157
00oaZubetUo,41,161
FBzvQuGDQFc,53,209
6OmSc6EwR7A,50,197
25ViahWMZ-Q,50,197
2ps5yxeh2sM,41,161
-7mJhw2ghk0,59,234
0gGVByW9y4w,59,233
6Jls8goVRuU,38,149
0BkFwdca9vU,51,201
2Ny6FxaePQo,47,185
3RJB4GYCCww,31,122
0Zhrubrr1cc,54,213
-16xdxkRgXY,24,93
hXrQd_8rOs0,49,193
7fOWUkENxag,45,177
2rJQT6a0RN4,45,177
0FtEyMW0l04,43,169
-VtvcYcrFJ0,34,132
2EuKVpWHuy0,54,211
9jXSdGMjnN8,53,209
2SqH6Vuu4lc,40,155
1dYtUzs2h64,22,83
0RrBcotVa4Y,60,237
-RP1-cUHLT8,31,122
bA8mt0JI0Ko,51,201
2M4NSG-8NVw,44,173
5fHnAbKdOds,21,80
-yt2OX20K0E,29,114
fsJdW_6HePY,45,177
2JV3emH50XU,48,189
CMzLTmZsUGo,42,165
1eNvdYhkin4,51,201
9cYVBOJmXIw,59,231
1Qik4gI3Xlw,51,201
-Z2JSzfsMZk,34,131
TOhV_31U7QU,38,149
-39y2CnhAsU,52,206
0VGU1MvIcvM,60,237
57osz5H9Dvw,48,189
myHXSQNFkNc,52,205
yHVMl2s5_O0,42,165
nt9PKJU4LLk,60,237
Cui-ubKdI8c,41,161
uiEid6SosC8,26,99
2-DqE7SyN7g,59,232
-tIE2qVG1Bc,35,136
YSsLH9_cisM,37,146
0T4CRDYrwpk,43,169
AK3kHjv3XTU,52,203
-KrulebY0Lc,48,189
nbPY6Y1ffgo,39,153
K7dXkfKAano,47,185
69qytzvoJgU,39,153
2wGWn3R33Hw,55,216
0tQM6LcYiyw,48,189
-ZgzhlCiE5M,60,237
_BIGos5RfH8,45,177
6wHFhrAqt5Q,32,125
--q1RQWxQog,51,201
lNG8l7BtwQo,16,60
OmgC_AYLtsk,41,161
3gH5MB01Wd0,48,189
--f4Zx92FcY,60,237
X07KIUzogxU,52,204
-m8MqIS6VEU,50,197
-5QEN0mzCGA,24,94
F5ykiEXsNPc,49,193
ANCIN1nZF-U,49,193
2NwYCfJZ9xQ,47,186
ll1dqj73iDs,45,177
Ld_6bCcNVI4,12,43
OJSdfjGL4SQ,54,213
2M3BIg6pxkk,52,205
iYBjjt6HwPM,44,173
0s-SndgWtqw,43,169
rM0mOUPtSpU,45,177
hl19xAqJqoQ,37,143
-mxXStZLIBc,60,237
5FiXClz8-xU,43,169
2es7oZzwLWM,36,141
7AN6Sfm3cFc,49,193
5e8sX3AyuDs,44,173
2T8OhRXZDTs,38,149
S_yxvb7P0B4,41,161
7jCWljBWjW4,52,206
3YXM0yHESAo,54,213
IZtiMmPN0Xc,39,153
0WcWOB-wOJ0,38,149
9njRkbXfEV0,47,185
-IgzS3fIrBE,54,213
aLlZVgTCq6U,48,189
-oL-TYoSpzs,48,189
3pG8P6m0E4I,40,155
odVpInj3jKw,43,169
9WRt_2eKxtg,22,85
5WyypdTmY1k,44,173
09nSnH52l5E,27,105
682ODyTqKyw,32,125
2X6oroNEO9k,40,157
87FYX94u0ds,27,103
6h50c6t15YM,33,127
5Bj3eGeuoCQ,51,201
3mrC9pAWIZc,43,169
-28cdRYzR4w,60,237
5kXRSxMRZGw,41,161
4CfjcJ-sKpY,52,204
0e_Ki1qvF7Q,30,117
1GMxOlL8z_w,46,182
AySVuo87x5E,40,157
5GLnohP0IkU,40,157
3B8_AvjGIFc,43,169
2GOPuGmcHH0,42,165
3aViYMHfSi0,38,149
89sq-kU5HZU,27,103
5dbDin4ucNg,46,181
-yP8zf7SfH4,42,165
-ABOfhcXwt8,25,98
YVWCiLMmIaw,51,201
-qGd1JwYLbQ,25,97
3ejndVEAcmQ,21,79
0CFPiVzxuWc,41,161
3y06nE4kmWg,45,177
4RAA9FGEsoQ,48,189
4ejLeuJcmoQ,35,135
-pd7_XFFy0A,39,153
0v6tM2Re8_A,42,165
2KJxr0CvtY8,24,91
9v51dLR03EA,52,204
8jafRIOpxoc,45,177
2tRFcX7HrZw,49,193
9cL5XdY7uXk,45,177
4qYFfG3og0M,50,196
269Bvs-xdgY,13,48
19WeV30jrXk,57,225
4yXFabJBrnc,57,225
0m-tnleCDEE,60,236
2ewT1ktBlOA,47,185
3XxzXyRi_G4,40,157
3hu-DmUfngA,50,197
7BndMcm0jdk,59,233
GCVw4MarbJE,47,185
2YTArtTZsbA,43,170
ZnGO4o9SqHY,47,185
g295Y8wuo7w,49,193
0jrsmryRhBQ,45,177
5bJagj3V6Lo,39,153
4G08amtSnq0,46,181
1-4xqkRfFFc,46,181
29EjVvjmCa8,41,161
0b24w9l0flA,45,177
kHNWRR0hJ08,32,124
3isOx39nAVs,58,228
2IpSQn_r5pw,60,237
-u8jirFLPx0,49,193
717ubaGGUnY,52,206
2vh6i0mKWxQ,57,225
10rH37YYvKU,53,211
D3FV0JAngZ4,38,149
0D4dOQgFwqg,40,157
-bkSP8HRYaQ,33,129
5uB1vT_A_ZA,45,177
CpO7Nhf2V_A,48,189
d8ya35A6yzk,50,197
FgiGqzj8Hkk,42,165
efjoT82zC1w,50,196
0ML3norRr8o,47,185
0t3xKx1NXTk,43,169
VQ60kd-BrC8,51,201
0fTwdhslb6E,33,128
-1PkCejU5u8,47,185
-Jas0sv1T94,39,153
0H5yeBJPsYU,53,209
JPdDGpGayEM,28,109
3qgtQ0qyuts,50,197
oVcXhpJIQhg,47,185
6B4IVcCuIZE,34,133
31zYecZJHrE,42,164
UVPgh1SYQ9M,39,153
0YD0eCg1cXc,11,40
4-J2Wi0utx4,45,177
-i_F2YC_y1Y,50,197
T-8xETNgtvE,37,145
4c0uLxgFiVc,32,123
-z9Iv2QjWvQ,60,237
jtlf6ZQ6w6o,44,173
7CdWKvy54gE,23,87
88pXcwZowhM,45,177
0X7NJRFQKkA,40,157
01Y2GRwsoCE,50,197
2ea0cOj1j1g,39,153
GrTMWprcXYI,36,140
4YTzxIjvOb8,44,174
3tvfgvNaTbw,44,173
14tRPoQA4q0,50,196
_sjoX8AymCA,45,177
-O7aM2L42ms,45,175
BlGB75_IQp8,34,132
7D9VPDd19yw,41,161
5FUGulXdKYE,44,173
97u4b2X6ixs,45,177
2haVZc--rC8,43,169
GhizOxu0ZpI,50,196
1sLF9mlF1yg,12,45
3uZzriF1jXI,49,194
5upsUxs414Q,40,157
-Lv5fxNekGo,36,141
GHowpWCU9Lo,44,173
-26aVYRtEAc,60,237
m0XHofgtfUU,49,191
_olx6WTK2BA,41,161
GVf8fcZ-PLk,38,149
0kj5xVhfQQM,42,165
8OmExa4ItS8,43,169
bOU2oGVBM_o,43,169
6mfCey66k1A,50,197
MgD5JedaXGs,41,161
4eyg3kCvZ1A,58,229
-hd9jp0IPtE,36,141
V_NbY-oVDJI,48,189
5M11szpfivI,35,137
4KWCqnlyaJA,32,124
2zxDgfeAj5o,19,72
LjwV_Vxp3Ng,15,55
CiSmL4nmic0,58,230
9RHb1819BXQ,35,135
4cNEKIg0eOA,41,161
N459v9hvAvo,45,177
7GFGp-62XIE,41,161
3AQFAFy1RCw,53,209
1bGlVNcyZTg,45,177
zywjuHhWmF8,19,71
5uOe6-ISwyw,43,169
0haq15HEi-0,43,169
0MLdH_ddoJk,47,185
Wdtku1dqJo0,60,237
6SemIuENSOM,53,209
2yi9zASKm0c,36,141
-Uo9p-Dq1fg,45,177
0-NfOnBHWgc,55,217
doFrrF9ybU8,45,177
OJDw_TB0f50,40,157
AiIVmOXDg7k,37,145
I4853MJHnm0,49,192
UUuXfyfCaL4,37,145
6SvJSSTKogw,46,181
4JZ_fSXGTIQ,37,145
Hd2pGcqgE9c,49,193
4J9aBJvftMI,48,189
2wNLSS1we2M,18,70
5O0B_X24CPc,41,162
A-Mg-FwSkiU,50,197
5KVCG1jL3-k,48,187
1P8uK6H3Ry8,49,193
1XiT-9mAj4E,47,185
Wjgj2_InitY,52,205
5zB8mZVtq80,37,145
0kOWZTOFZSA,45,175
Z65oVzJFKXw,40,158
48h1ibWL_8c,52,206
-lQhh4Vl2Q8,45,177
8ooVSXeHb94,36,141
9EKe30uKwVI,39,153
M0YbiT8Z7d4,33,129
2KPEBlc62BQ,19,71
-46xqouqMxA,15,56
4xyw9i0VvRY,48,189
0Msrgi5zP78,42,165
2KOsYfIs6IQ,46,181
27rw1ni1k0c,10,38
dSzZWgbJ378,49,193
G8NuOLfZ5s8,46,181
7amalPE7F9I,48,189
3Okx0T5vpFc,42,165
3ZNrH765Djw,49,193
-WXEF4sgMNo,60,237
4izwBJEV0qA,55,218
AcDC26-jBvw,27,104
iz8en2Dt7vE,55,216
3KwulXmBX-8,53,207
1tOZzP8hlaI,40,156
2l0BcqqUwc4,36,141
0e4OKN5XU4Y,54,213
-gXbU1fHFoc,24,92
I_R6SATSgXU,60,235
T_6BS-Tkfe8,44,173
vJP_nF_iH_k,44,174
KSOxq1eovtw,49,193
C_1vUaruCYI,41,161
NMSJHtmQLQM,53,210
67yYlKfBMTw,46,181
Af4OOFNWp2Q,38,147
551HuFu13LI,48,189
2Yr-XsXm7hk,29,113
n8CFjM_yauA,47,185
7vYs6z5_ZSY,33,127
5WL3nJ4bzDw,23,90
6pHtlOXBxTI,41,161
7o9DKlvDOOs,37,145
3EjolpEEdcc,36,141
zk4YZ_mbx2c,50,196
9EiT2H256DE,43,169
1fr6YgvX9qE,48,189
6LOynDdFpuU,52,206
5imh2dh4BBI,44,173
371RRUzwz00,30,116
PpLTN658fjo,54,213
-1q0XHPxqe8,38,149
2VU7b-634kY,50,198
-4rdRn-FRXo,60,237
5YU7k-5BA8k,48,189
5hetmz0rLFQ,52,206
7mtYFBOmeNs,47,185
3psCxxucT7Q,40,157
D3dI977SM_o,17,65
4K4i7Uef0WE,53,209
3Qo-JwqcEJ4,44,173
28aVNuCBXWw,27,104
5Hr6HKMTS18,50,197
iX5fyNvNOuk,45,177
BGsKmMQxhtY,57,226
lAXpiE0dm_k,49,193
2rdkLx56T1c,54,212
-8290BNLsas,45,177
2B9dQteDEyc,44,174
CXndqNRc4LM,11,41
1f-Eq183VNc,49,194
rhW_qFnBst8,46,181
3mHyapeh8cc,33,130
25FE2YRGkAc,29,112
-bL7r6DKY2k,37,145
007P6bFgRCU,44,173
31Fy30N1-I4,43,169
5UxkZs7nz0I,23,87
8qK8-P2CvWM,48,189
-xNmqw1OJA4,60,237
2yfMsBf3bI8,60,235
68mPJBvwm0w,48,189
6OTA6KVW9-A,42,165
639pWue7eEs,24,91
-naeVdQFcn4,41,161
03lm96ztVKo,51,201
0azbvZ3t2B8,33,129
lf_8Pp5QDng,42,165
Wx65BBbjCIQ,59,233
3RABCekbY1Q,39,154
-UJjKecbIKU,39,153
3sdTgEz7oXM,43,169
1HjLZ3k2osI,45,177
hl6DOlVU-CQ,48,189
-MtYMG8dmq4,52,205
qViEyqjnY3M,40,157
4MzSsBkhKO0,38,148
KgIKVWGLUUo,47,185
w9wfVOg6d1M,39,153
POuhGn61ZR8,49,193
2R4cKSN7CSc,40,157
EktnWQuAjdI,44,173
Esgyjs9CzmQ,44,173
1CLANjc8jzM,49,193
3xW9NcPDSCk,38,149
3IfmCBzPLL0,44,171
0hR2uNzj9OI,54,213
7hxS_eJH6aE,49,193
3D-GYcWGwhQ,49,193
3zpTny84oPg,33,129
2YF0MoibNYY,11,42
4UdR7R1RHh0,48,188
63uyNeko1Oo,32,125
48S_lD1bkMI,47,185
AHom7lBbtoY,35,138
0oOoqxsMkXs,45,177
5YxPWqR9Qf8,33,128
09v2x0Tf3RE,43,169
-UmUC-FQDQ0,57,223
aS4pa9XV7yA,44,173
9W4tUPL7X3M,34,133
04wE0BVJm1s,60,237
092VyThpHUM,34,131
8OhXKJG9GBc,46,181
XmiArfDbvsU,39,153
014EDZD8CHQ,54,214
2ae8qWdVbFI,40,157
MdCSz2cZQUM,52,206
C0i90WmUMvE,35,138
AV7J7H7hkmI,41,161
Mv3rfbB7JYE,16,61
5st88ILO78k,37,145
-ag2m3fHOzs,32,123
5ixjzvEJBXk,41,162
16By2WkNjF4,47,184
XMGG2w26ea4,48,189
7l60eAW1-vw,40,157
0ih7brz--Pw,36,139
RXA11LoRWaQ,39,153
8iwMJXl8er0,58,228
1GZq9AcFu_g,40,157
_AjRR6c--Ak,52,205
4hhGREGdWuY,45,177
XyIAPpcvVro,31,119
-aY9NqOlPEI,13,50
AUXS8zwFV0k,46,181
54by0PnKycA,50,197
04xCturrmjU,54,213
1SQ04CeLIwU,51,201
697C9Jl2Hoc,24,93
3vJBnPSyc1M,19,71
-vgVw7z8Fq8,41,161
CEzyxkUbG9A,46,181
qAQuljp-atA,50,197
3b5dDNotMZ4,43,169
0u3ViA0JEtw,22,86
0GQpIqLHe6o,43,169
BjaBFY-8pHw,50,197
-ynT1tiwUNM,31,121
0BdQPL4sZvQ,45,178
03NQmCrlsyY,53,209
-lcj05dsI2Y,38,149
bVo174I2ydc,39,153
69aN0H8hI9o,48,189
47TB7V0xh2k,46,182
3uiyWtZEbTs,48,189
iZqemiYznPQ,39,153
8NKT9qloUWw,33,128
3a9rfNhclLw,48,189
4cJg6GOkXv4,40,157
o0Aq9oY4JNk,49,193
-YjIMKyZsSc,43,169
0X_4Rl7Oa14,57,223
-xsxzlCpmBY,43,169
2vYkvwD-fkc,28,110
l6RTgFxEWFY,43,169
-eIobtpEHOM,45,177
06v_fvoL9u0,53,209
5e8dnZnkLkw,60,237
0Ukop25AhEc,21,80
9crt3kBm2Hc,58,229
qWLvv_rrSH4,46,181
1gTWVNEF8Ow,43,169
OdOu8yGpIig,39,153
6G5H81qDvW4,41,161
-qBNijwTlwc,32,123
AMLvdc8Dbq4,37,145
2tagPyDux64,46,181
7LicHBeiPm4,56,221
UQAO9xKW6XQ,58,229
4H14m_48gRs,24,92
xcoDPmy-UAY,39,153
INVr3vBNvoI,58,227
MFrKd51cPSg,46,180
5O8BDxtMyJA,44,173
3bHAtxw83Cc,40,156
0xVuRhEJ2jE,60,237
2y_-RWlBNys,33,129
-5INZ_Tk8RM,53,209
6CNQ4Cy_qB0,33,127
86B0ydDX-ys,45,177
5jrESZzRxq4,26,102
2JDil65nfPc,50,197
slgLmYc4XiY,17,64
1-uo7YWqF3Q,38,149
DAFLNlD2Hkw,35,137
3d4ps8jH5MU,49,192
5asgYXtU-Ro,34,133
17aI77MmxYM,53,208
5Szm6XOuHIo,56,221
-BfXVjsdZV4,60,237
RrZHOh77F3Q,60,237
-fUsuo90K0g,46,181
1rrQmv5xCRU,41,161
0sREKfYyiWE,45,177
8Ji1yi_gNRY,42,165
1ztMNcWsjOQ,52,205
1q762_eT6y0,40,157
k-rgG1CrKgA,45,177
86Sf122q3Ik,39,153
6XiCFMM6c_s,34,133
4FEe5hMCpl0,54,213
ABs3qGwvW-U,29,113
6WukkRfO6Ok,45,177
2G2H1jm58XU,43,169
4Xt-Yow_J8Q,39,154
1JYdsPpdUUs,26,100
2jxe5YINx5s,48,189
37gyUJhLVYE,44,173
An32hX6i1gs,60,237
7tlTqzECBoE,42,165
DdhaqPltUq8,33,129
0p-KmzyVg-s,15,55
3nQ-LsDU9_M,41,162
4lLkPHKE_Gg,40,157
85AWIZOberU,43,169
4FUJwfM7cCo,28,108
b3i0oHpCwVQ,46,181
WR83qQPQSoE,45,177
11ND77X-VYE,46,181
r6av66aRAJg,43,170
4gzQT-TTJHA,58,229
-RMvB_raxYw,43,169
26pJnpD02AY,39,153
0RWFBYy2E2k,48,188
0hHCTS_wSMg,22,84
-ILeaRxsdgA,60,237
0A-Y2CvbVMs,49,193
Lvv2W9sKXJc,35,137
Xdq4lNRuZx8,46,181
8sd513xQzV4,37,147
0UamIDdeiVM,48,189
b6x51a8ipG0,33,130
DqH6i0clDR8,34,133
3RtoY0e91l0,36,141
8TCFNncFatk,54,213
312hMNG1QmY,46,181
6xNjvLpKhrw,41,161
-n4MmiWZnGc,60,237
X3mKWuvb7bQ,53,209
5kzHSZIhArw,58,229
ddgAGEWxtxA,36,141
-MXl8VJ6dUw,52,206
0QeC0bYEi70,45,178
ToIdgjI3u4Q,46,181
-z-09mIT8EM,10,38
2aOm79Zj4f8,16,60
Z19W44ZI15Q,45,177
9TGFOxt7DN0,35,139
0qMmJlVlupQ,42,165
FWLkyzlJBP8,38,147
-kc9G-8a9do,43,169
1ZeuverPXEU,43,169
-P_5hxULpiI,53,209
xFR4p6t6hcg,54,211
9rWoPW0VU00,51,201
5xbsjMpkWAk,39,153
Xv2Ba8LoD9U,58,229
1MmFONw7zgE,30,117
BDTlaUbJcrI,43,167
EksjhWF0zqE,45,177
1BgAcGWShOk,39,153
GWfebJBr_J0,54,213
4mXikhkrUXA,45,177
7hcJFUgLLkY,24,93
2bXM60jdWUk,35,135
5nLGoZ3YUdE,36,143
5yo90PoKOT8,46,181
4637LMn674w,60,236
fuwbfvaUMAw,49,193
1CjMm32K59Q,52,205
4B57J2gCuqY,46,181
0g7LdehGzkc,46,181
B4f5FTy6D7o,36,141
-OIY3tRRGwg,27,106
hp-1ncwHRto,50,197
2YKKHtq2d3w,45,177
1hA5COzE6sY,19,71
7MHdXicD-s8,40,155
3heg7kHLkBw,37,145
8KKQDotECdg,43,167
-3tQW7Zhl9U,42,165
97BDdB9vXFc,45,177
1ij4byJM8ts,38,149
24vaNhk_R-M,48,188
NKfyi7q0JNU,33,129
ID00wk34PhI,57,225
8Nk9P3eO4p0,49,193
-GJvu5hr6w4,50,197
6v6SRePWOO8,47,185
-S7iM3Az7wE,41,161
4Hz_kKlgPn8,39,153
56PQ9sjtlOU,40,157
89EfM51oplI,14,54
-bKm6q-eipI,60,237
nMOlAg-Kjf8,28,110
kTu8XtF-gzc,43,168
9Oa47nQEA_E,14,53
8zhF9apFYws,51,201
5TiA-16XB3U,50,195
5RnD-0cA3PU,51,201
xRfnVjpUTDg,48,189
TNCJ68vFKg8,51,201
3-1aolaLnJ4,49,193
BAxZDHSseAg,14,54
5gNuj8UkyC4,46,181
BMgYWTTJv3s,44,173
1fE9c28KGtM,50,196
3OQtvY1_Q70,17,64
DckNQU41S9k,49,193
095CdSbYrFc,35,137
0sNNsvUPBVo,43,169
Ei95Wwkh1GE,13,50
04QV0Xi5YTk,46,181
IEjaZmXmm4c,43,169
DKiebIzin8I,52,205
pX0Jhk6e2Uw,45,177
DzBk5VyuobA,53,207
E-0FRo_hrlE,36,142
-INmCm9heS4,24,93
70QrXPezY2o,52,205
5ZlPZG0nOSQ,49,192
tHOs4zebKis,44,173
-t9fkovq89Y,25,96
-R69Fa-mCaY,44,171
-D2SxTNIZic,48,189
2yfhpVR9xBg,47,185
tf7iVpC0nrU,48,189
49_BMvgI8c8,42,165
0hbLwAJ5ChE,15,55
2FAUhONUM4k,33,128
04_1N_55VFw,43,169
0BauNGmZtTU,45,177
LlzZgmgY7I8,45,177
86aHAViwggI,42,165
4bAD3LC4qyg,53,209
2g7b9gfSxUc,48,189
9n5G0qFBsHM,49,193
6XUTi0w3Wg0,16,59
33orZQIMAlg,48,189
1bvRkyT2Q5I,38,150
3s7I9yEGDfw,40,157
3Yk7h8VPQ78,39,153
mn_zA58LGdo,50,197
8lYFE3Fqq2w,28,107
4sDwxr00VSM,52,205
Ncdv7wCGgYE,53,208
2C4aXzGI2eI,48,189
1faXS4jDR3c,36,141
-7R0ybQQAHg,41,161
--rs27ZwZ9M,51,201
6XKQUOuDoS0,39,153
BZpRBth_C04,41,161
077thdbI-co,60,236
-iL9C573e2w,43,169
PfJE4zsiN18,26,100
4_YdkUoYXxg,47,185
09G63u7J-S0,43,169
_1k7OImLXJg,51,201
7NyYdqhNtjo,51,201
6UIoEOTZmR8,43,169
2bt0yL69XNA,45,177
l9L7_RaTw6I,46,181
SJ9TY-iqD9Q,60,237
nEqwKNNQBwc,41,161
0ZJaYByWnYw,44,173
cq9osBkFLhY,14,52
5JdshJLJUJ8,35,138
5J0IFzqU9-E,52,205
0yCTpPMqSgk,42,165
AeG7oIWgXTc,45,177
5EItomk0Nv0,41,161
N1dCXhy56po,48,187
6agTJDB5lno,41,161
AReApDd7bfI,40,157
5iIsaVOg9l8,20,77
-5VX0RJeXok,60,237
KJwga4gMEzU,42,165
Bfs5KnO-Hv4,42,165
jm4ipHk0QX4,13,49
-MtRK9tBY_c,59,231
08y_gJHUXIM,38,150
3UuacG3vzDA,47,185
30fJ2tRViCE,40,157
-yJtuj9EuMg,16,60
18ceUgqcSb8,38,149
aOhvTB_9GAQ,47,185
0cvCjzRedeM,45,177
JbPNmYKs7P0,19,73
Jgg8HRAvNQM,42,165
xcUtsdv9yBI,45,177
dgpEiV4huf4,52,205
0z97A0GYhAQ,30,117
FwVYUHKoLtQ,47,185
0PbImn6M0hw,41,161
5qM-GT9g1HU,42,164
m1POHo65A7o,46,181
6NUhCLkFxd0,28,107
E6g1xhGJFK8,33,128
9UKEAxNYU8E,35,138
1GBLWxgtlG4,23,87
XPqtvXL7x54,43,170
EhEwzSL8F0c,18,70
0EPK7Pv_lbE,41,161
0mdAsIMgeZo,27,104
QAWuHvVCI6g,55,216
35zjZSpI_Fo,29,113
A6_Rikjub4o,41,161
-IBtBeR6B00,32,124
1Mxp8x6oMLA,38,149
QnTK_rvlNnc,24,93
Za8bwlW9dNE,37,145
SaWJzUJASIw,40,157
3RS38lhKIXA,53,208
HEaijrw5v1g,43,169
WQ3vV9R8e0g,49,193
-Z5IUB3it7Q,41,161
26OpBUZbdPw,27,103
2gzQ0kt10pE,51,201
ljtfC-PxucQ,43,169
-oqXIcpJKys,43,169
AALmlahkqq0,44,173
-VjBE7IZ-70,38,149
YoSAZzE9tMI,47,185
mEL68q2FRBo,24,91
C0NcduUBzs4,45,177
-GR4oIdROrk,40,156
1Su2CfxfjNg,41,161
-wByOmZTc0w,60,237
76M2nIw6cO0,44,173
61z9SEzAH8U,45,178
3orrFzLPc5Q,39,153
2wGvpfAkly0,60,237
-XsLiI8eRNo,45,177
-Ka7IP4dd_k,44,173
-JRawIbcGmc,40,157
50wKgGxEFw4,19,73
3hssEcWfq4k,41,160
hjRCaD9JmJY,44,173
AxeN3Geyzf4,49,192
3tK7PpCo0PQ,45,177
l70yarlcd-I,39,152
7zW9BGcO00w,31,122
awfbE0KxEjE,38,149
-pKfcJth5So,35,137
LEFSHa_n9jE,43,169
5t3iuH1YJMs,46,181
2_WqOmn9Kd8,40,157
DdeAOHSE98o,47,185
TjbXg3A6pvQ,46,181
-aYumc8KoXg,20,77
4yUvIrchOzQ,53,209
Hb85aFzdR_I,38,149
ILv7AQF-ltI,53,209
12SI_0V6gvA,47,185
dfwr8wgZU8M,59,233
15703UC_0b0,47,185
4Jn8Dwzkpsg,38,149
44Lp8r0uIos,43,169
5fgKkCIjlIg,54,213
-nskwoky7vk,31,122
077_m7wNT3I,58,228
EdQJ0AjOcDM,56,221
9xV0nmojVeg,41,161
Sz6nE4hceXc,33,129
L0DtxpwfacQ,52,205
0ms8GQ5eiho,42,166
29leW_wEi2E,30,118
9xr2T5gXlJU,43,169
-SdAy1I4yMA,58,229
D008N20sSlk,45,177
1ZMgNprAofE,13,48
h8-Z6EtIYQA,43,169
MosOtH1imQA,46,181
6D9nqQRCRco,51,201
-GDkljH9Hsg,21,80
2HOmhmsWiEE,56,221
2J5pshfyYOc,43,169
4RKNGbAdrMc,38,150
cIriwVhRPVA,60,237
-Pg4vVPs4bE,39,154
-jXKNLiTd4k,51,200
-Ln9HQ6lLtI,44,173
-ux0ZyvPG4M,44,173
G9AKWSzZtWI,46,181
21u8CsPMWsw,30,117
0XmfK5P_3RU,44,173
1xZESfMpi9Q,43,169
3HSRX24Nj4Q,33,130
0RbybrcP00g,43,169
0YqnN8eCsbY,46,181
4UPX9Z6O7u0,22,84
4zrB0vfAD1A,48,189
1RwhRTe-OKk,41,161
1bcCSqI0b9g,37,145
0dlkTjomemE,54,213
Ctmo-rZ3Vws,48,189
0LkI_mSlG2A,53,208
8I6nGS0XSJ0,43,169
3uK9ad0Em2Y,44,173
13v94lbKNz4,41,161
-SK73JocmyA,54,213
0wWjS9ZNads,27,103
-Tgu7DbTDc8,40,157
9Ci8qOMBNNU,33,129
1lXD56TBW3U,47,185
feMC18447Ec,48,189
EEgjQYFiL94,38,149
-W6_L80DDEo,43,169
dva9Mk0EkFM,36,141
U8golAIXZps,50,196
2GH8KpzKH5I,37,145
O7puBCRI2Bc,45,177
4NwdQa1l-p0,45,177
3SB16ZehMhg,55,217
WkHPQPozDRs,44,173
1W0SV_bdFnY,51,201
-i25riuPgjc,60,237
A7BqSNOZlbg,40,157
_uswoJHYy14,21,79
6C3OReUPPuQ,18,67
5USO4IptQig,49,193
60QtN07XJ5U,29,112
5OjbMgvwJCg,19,73
-ej17LDVOJc,31,121
19XjJonmDbo,45,177
EEPKnQoGRgU,47,185
4v3i_OQ33bo,42,165
0WeFyPFLQQ4,54,213
2-NmqrKQBUk,40,157
0lyCxY8cG7k,53,209
3PfWjclBA5I,20,77
3EmnADEPKGs,38,149
0SL91QFyAEE,48,188
6BQgJ0tvUkc,49,191
U1ZCfSiAvPM,49,191
IxBNSR_kcvI,32,124
8NyyKliIN74,44,173
Mr--N4d6lIM,42,166
9aMJBg9UaoM,52,205
sI5ZziqZ9jI,54,211
0Ie8yDSvM8A,35,137
6zmLWgC3_yc,39,153
1hajY6NNqD8,37,145
NsbLeONN0-c,40,157
BgBelF4ve7w,35,137
2YrdbClQARE,48,188
71I9l62agtM,43,169
9U7GZ4EHaZY,37,143
46DhzA9MsEg,42,165
1aDnyPubxdY,41,160
07I7v5ISD7Y,52,205
S86Ql_59KMI,30,115
ZqwS3tAXyAg,45,177
0sM1sMIrJAA,48,189
8Q3e7Hvo0zo,42,165
3qDBJbugPoI,38,149
-zcEFVlNPOk,59,231
09mLJftOYsc,52,205
5fvim9Y6LRk,12,44
A6YodpnP24g,43,169
00Ud7c2WEoM,40,157
rqFPtPKpnpo,25,97
3MOG_CAcWkw,44,173
lSfqPTOLRn4,41,161
0Sb-RvvsaAw,39,153
5WtT56A3q4w,42,165
deX7R9RbmX0,53,209
Bvgbafvm8ds,34,133
-QSiGOQQDr4,60,237
-jRk9-Y_Fp0,48,189
lnd5lHMYiXQ,40,155
4WSnH6nOSeQ,36,141
-uxCqAuJxj0,41,161
E-QLJc3jiEg,50,197
4h6tg1hvaO4,43,168
-lyVixrALq4,43,169
13zfTPMq0ws,50,197
4XBZbGRK0iU,52,205
8Id9uuMif_c,34,131
0ka-hEJOatQ,33,130
3V0QtWp9PGQ,44,173
Qhm0UAdp4aw,52,203
6yNPspSktAA,22,86
K1PzpuR6CqY,44,173
6ekX-zSdE64,59,233
MtLVI9ials0,38,149
BnSDt3FQlFI,44,173
4V5BVqRUJH8,47,184
-bnjqdi3nDE,60,237
oqyY1c8C6-k,38,149
3GqU3j4CL7A,46,181
Wxiwqieqy2Y,49,193
JYeBZqAjKG8,34,133
-0U3c4PN8sc,55,217
dJSIy8qR0zs,41,161
1kIbZ2t2r4I,42,166
5Z0887uxXjo,45,177
5C-Y79PXfbM,43,169
-BGebo8V4XY,51,202
12jLSviVwkY,49,193
-RuSgm3I6LQ,55,218
JwngKnAg-ys,39,153
7oNljd7R1f8,28,109
5Zth6XdLSYk,45,177
8CfZ2CmFTDk,43,169
-tyaFsrd4wc,60,237
081dgPO47vE,44,172
B-olAM2RVF4,43,169
30kWvO8lTEY,46,181
vnvMxxgYlgo,43,169
3dgg5f9CyP4,48,189
KBmULhoBXDY,36,141
5ebptq16Wuk,24,94
rLmNuF9xTPI,38,149
0W_gYR6p-D0,40,157
ARGCM_Abwik,11,41
2c6g-8T_mpE,58,229
jTuNUZEFBJk,49,193
-k199QGbju0,34,134
29JwAQxjWLg,43,169
4mLv61JADOQ,40,157
2ikXOHbSFYU,29,111
-WV5vrm4Lmk,41,161
14uZ08vPcdE,45,175
6AGwgF2X6lM,51,201
26Zs3imuwEg,50,197
79gZULA18OQ,26,101
4BazFix9xzg,44,174
32Ze1OHFeAk,43,169
0VW26aTHE14,39,153
22oPQ9HBJd0,41,161
0D91A_uZK0M,47,185
-KgS-c5lGlE,45,177
i3HsITnarf4,52,205
2bYsOCCAR2o,23,89
4VkDJVQ0GfA,60,237
7-5FcYmgsEw,41,161
8gdvt07xNMs,40,157
0-cjD8-tgL0,53,209
T834Iasgjs4,40,157
R5yfnox-ww0,55,217
b93GiuJ3KpY,56,222
BH_ngeh2_dI,30,116
-3Ptg4uALKc,45,177
1VCiPJXy410,51,202
F8BEKBcVnU4,31,121
2XMCxcnzhsA,52,205
-MfdheNNoKU,50,197
5cKS_KuoU00,36,141
B6oaWvUYzgM,50,197
VtcXTrVLwb8,41,161
3BzKyIKC_0Q,26,100
1YJBSfpC2bw,57,225
6ixbjAeCj1A,53,209
ThUAAmLjUKM,34,133
-AYTdHxF3MQ,35,136
0OFYTok0Rmo,45,177
6cAoOtvgS7I,46,182
mZ_z2lorJeY,60,237
9CKXMBiPZM4,55,217
-3Q3Hgr5lhw,43,169
y8Yv4pnO7qc,37,145
1MxLu0PisK4,43,169
-PztzJ5vBvQ,48,189
-Rjmgv0O_p0,46,181
6hn58SJ4-Ro,49,194
7LoVjl-6wlc,36,141
-XU4IWPlqOA,48,189
DCx_5fHoST0,46,179
GZllrVJzANw,36,141
BF9i94l1YyA,40,157
6TL0D6nLrcE,38,149
UtMZGT9opoU,50,197
0QkmP-TtIFo,24,92
0Pk3d8Qn6p4,51,201
ItnOPd_CktY,52,205
FqVj83mGhKI,28,107
0s49D-LqHwg,53,209
34vOE95ePok,54,213
3poJu4RgSGc,44,173
tM9WWnYfFik,44,173
3lLlEp9I-Is,43,169
ksCMf478CrE,48,189
26nDBWMlh9k,42,165
8ur2OpVZCfI,54,214
2IRTIUYmEGw,39,153
CGAvGtSlk3U,30,118
-Stm1mHROCY,42,165
87NGbSJJ_Do,58,228
-lSURFHHouY,60,237
1KZ0cJhqmW4,36,141
6BMvvPBnj_I,50,197
9t166XYFmPQ,46,181
2hV3JUQO2OQ,35,138
3JEmmNL8M7U,29,113
08Cm_RuvHmk,46,181
3UlkL9_Wc88,27,103
nbjXrDmWMQg,52,205
4q6e_ZDFOZI,60,237
6wmjb19uPf8,29,111
81-cd_Kh-Ko,48,189
nzwmPWAAQFg,30,117
9OEKNfIpojk,33,129
0Stq3XQqmYE,48,187
2dxn4R8BGxE,35,138
-WZufs_QKAs,49,191
PgLT9HSWxEk,34,134
NJUl3gPX07o,43,169
0UN02RkbG_U,17,63
6R6z8FOCIVE,44,173
75_x8Qldauk,34,133
YTfbske47gQ,44,173
jUo6qDCh-2k,49,193
0zrWthXnRWQ,42,163
5eu8XKs-H-M,46,179
008McBfX2O0,47,183
I-DxUDHO_5Q,55,217
0VHVqjGXmBM,43,169
0P_4VXwIYSg,43,169
-C-EGagVRfc,42,165
6_cyCHYfcq0,38,149
6d01Zd_W4qU,45,177
_3kxB2-MfWI,53,209
RJmH-Tx9XuQ,53,209
1HWXmpGplZ8,32,126
c5Il2Mx1Wrw,38,149
JhjENNuw-OE,54,213
1t63KIS6F4I,42,165
9klHi8Gt8OA,30,118
6I1Zw5T91NQ,40,157
6ty4Rhu7Y5Q,45,177
1_0T2ZIjWnw,37,145
-cOAWp1vWHU,34,133
-wJ_UfBsiR0,43,169
09CxTd_olO4,44,173
-kxIdJwPRq8,43,169
7eQi5_oKlek,43,169
l-j3Qpob8BM,46,182
2v56Xt_bqTg,43,169
0PGINPWtn20,33,127
-Tpb87qlrCE,40,156
9-tUObAs28M,59,233
-xSgTIOGmGQ,60,237
57fIhnZBDeI,38,149
NL6jHUlyftE,44,173
1Cs5k18maNE,52,205
8uBHEGhU5nU,31,119
loKkvegkPJ8,46,181
6wPB8RS0VEk,22,84
9GPzgoplTVw,59,231
2B9pFNg81uU,45,177
0Omr0ghvSl0,40,157
3kW99COiygw,48,189
PB3RbO7updc,50,197
2HfdiFwduCQ,28,109
33f2O02h9u4,40,156
1rDXC9f31tE,42,165
02mPLSkKHA0,45,177
AApTo3l6NfA,47,185
7J5dAuZ3TOs,48,189
90Us4j5ZoIw,38,149
6rtaNO8IxNg,55,217
pUn8YqN2meU,45,177
1KUXS0u1h2o,48,189
lb_m2AVVb5M,48,189
-BlHH8Gi9hc,38,147
24OKPZIt8NE,40,157
A4P0IgZQf90,42,165
-TCDqe327us,43,169
-C66I4YOr4o,50,197
ABqwh8oLBJg,34,132
00lWpPDEH9c,56,221
-NcU2cIxoJU,45,177
-9WmXSv1zeY,38,149
Q5lS9H-7UYs,43,169
mZKUFZhLXAE,51,200
_kcsfDD9eio,49,193
2LCsaa2nr4k,44,173
4Kasu4SBTsI,19,71
0fIUmzUs9vw,32,123
McrtE1HOmpo,45,176
ZzCD1btq3D4,48,189
-m_zWYs2Yd0,43,169
KuLE8odpCc8,46,181
8Ic_xtQcoDg,31,118
maxlwbbBWU8,31,123
3H3g6xXCvwc,10,37
-ZtoRdOElFs,46,179
5x3DGo0n9dY,42,163
YW39oh7qA7g,45,177
-ZHUv6brdJo,26,101
8J41CsGYhNI,30,115
-aAH60DpXNg,36,141
03giUeNMTwk,34,134
-P53lJ1ViWk,38,149
Yjj5d4T2KlE,14,52
2eMeVbchV9E,37,145
0HEJ17Vbqrw,40,157
25WtH9QAVbA,18,70
52bVHNtimMk,42,165
7MS-7J8oWa4,50,195
2Y8JQo5IviE,48,189
QNRche7AZkM,39,151
3KkUbQHnExo,40,157
1gOpSK9iZcM,14,51
vGxfIpG97dU,60,237
EHwlgNGg4ho,58,229
3-GYJUnx-sY,48,189
562FC0owaI4,21,82
ZfkO1HlI0zM,47,185
U8rWZXjH2cU,52,206
-k0-cBkvVr4,36,141
2RKUU7SaS6I,49,193
iE8pSulXDuc,26,102
2diTm8p7mTQ,43,169
14m3h3_v_qw,44,173
gNmZoBiNLzU,51,201
3VUEqSpFZu0,43,169
0WG4M3HAgv4,46,181
2Vtak7T92Rc,44,172
2uFIpLZhMvU,21,82
AUJPBPyRRSk,47,185
0VFJ5fVLe_A,42,165
0R-0dduvkFM,54,214
eaLhdHS_3uU,45,177
6VxbS874dTU,41,161
1_EZv9lcy4I,46,181
Ety4Y4jqYLo,52,207
51RuE59C1Jc,46,181
3YNW8RWWnu4,28,109
VIdtj62MBN0,22,83
03-DiPMGjO4,39,154
7gUtcEATJ7g,40,155
8E-e996Jw8U,51,202
C-I6p8RP7NI,46,179
6i0Zry__NGA,48,189
N4JQ0uzRjpA,42,165
12aXUfObwlY,22,83
56oUIQ96fr8,36,142
0NPGNl24l-k,28,109
rq4oQdSxrnI,43,169
2bp4VxfjKa0,49,191
4Kjv-asH19s,44,173
fN6GeBI-Fdw,39,153
3ZhanyZSPOc,43,169
1LIPq0Qokls,39,153
0BLiYNtFSjA,41,161
0LcRpzwseS4,40,157
779oBlq6pAM,41,161
0NecAFJWmLY,43,169
2QUpm7sq19Q,41,161
0Sam3gPcYLk,46,181
NvJ4XYroKbQ,27,105
4WMTr6_KNc0,44,172
1AmLPfJewkc,51,201
59Zkzw9slJk,60,236
8Zo30kV5aiI,21,82
0N9EN0BEjP0,60,237
9noPpRNvzgc,51,201
5a_LPLNtBQs,43,170
6PZJ6G3TGcA,52,205
5s4UGgNCLrQ,41,161
4mJ-Wwq5ijw,42,165
2U-4QHS0QBc,45,177
405XJYMJw9M,57,224
-mjzkxlVkZg,44,173
1xwe8_27rZo,59,232
h6YMk2FOHHM,37,145
1ZgXgyEJSbc,15,56
3yxvLBzLUQM,40,157
HUm2vzjI6DQ,41,161
1Ki0e5TNezA,27,105
52lnCGbSZeI,35,137
1t3LJn23uCI,40,157
5tRRfYYzjmc,58,227
3Gy1BqqOLpI,38,149
495u-1lHHSc,43,169
1L4RWZNkCC0,59,233
5er9MoTAogc,19,74
-drfe7nm88k,38,149
2S-LTY4_bFs,44,173
fUNXFAJ2Dcs,57,224
UfJg3VBTLow,43,169
1ETeBLkMRwA,45,177
ZyiDGq0qh2s,60,236
0wfUQl1hK_o,53,209
-xxe8rMa1mU,39,154
1z3TrNzmAaw,48,189
2gEhuX9uHgg,39,153
08xkZ57-7K4,38,149
-5xyaoo15yQ,39,153
379GT_UGqiI,40,157
-Ejdbj6I2W4,28,111
Ke1oAMn5aXE,30,115
80D1UrXqUsE,27,103
6jdeSAmkzEU,52,205
1KbUcY1yqhM,40,157
3i0DMLppaH0,53,207
CA5iF0mpXFE,41,161
3kmIqkUsMv4,49,193
6JUlqSNjzpg,47,185
2kyq8LziIiU,44,173
6vfqtuV6Law,37,145
-vz1L4m1QcE,48,189
396IPhSmgL4,38,150
3ygoHdMxOIw,42,165
1IclS24LYxk,47,185
HZ-XFC5qzyM,44,173
3pIfMXVW43M,37,145
4UymqYdJ3nI,17,64
Tfv2TARaCfg,54,213
1xVbxdC1kbQ,46,181
2sZhC_mKeic,43,168
P5H8C-I7Qxc,41,161
9SN9F6nYBcU,47,185
QXnFAcMyAHA,50,197
9q_ZmFjlWwE,40,157
2fVTY-74PHI,59,233
4DDfD4-cEVo,52,205
PEsQ99r4SEI,26,102
mbdAaYZew5k,42,165
YaZx80MEyKs,41,161
7OqOXtp8_tk,46,182
I6u6WZce-W4,52,205
3PjtcoZbBZQ,43,169
7C6H9li-CsE,43,169
6YT8s5xeuu4,32,123
2RkSZkGngY8,50,198
MyUItl-2v0U,39,153
sosmMya-v6k,56,221
4BUKAcdGfaI,46,181
1XaDmkM-AAw,47,185
4JnjuQ0rWvU,35,135
oPR7tUEUptk,42,165
9Bw4d0C2F7E,44,173
-7AATv3puFA,37,145
6UlFvzUQvY0,54,211
IR9Dsnp6jvo,33,129
13psZONEeNU,50,197
1v1VEKFC-sA,60,237
00yZOgawwAo,45,177
4wvpHdmEn3c,28,107
-eTk4J5JTRU,46,181
C46X66FU_Dw,48,189
0B-3DMKtUZE,20,78
7pZVKd-0YRw,23,89
7W3cwaYDvJ0,47,185
48dEzZkLg38,49,193
-9kKj0fbhe0,50,197
-E1Iu6YRIkc,47,185
1kDJI-HCGsg,36,139
0uRLjhAsFGk,33,129
7NyvysSGxhU,32,123
0I95tgSzOpM,13,48
1SWWavOtDqY,53,207
0DNRfKvuv-I,46,181
MVM5RlkTh6E,42,165
QupB4NN8fI0,54,213
1jqsV-Cupx0,58,230
3M62sGpknh8,46,181
-hb5BJ9xxBQ,19,73
5mJXndD2rjQ,43,167
-BdPW1c_3_8,18,67
8IVVKJwYT40,47,185
-03N_1zOM4E,47,185
5QvK9HxX1ec,49,193
1bh-GrgPnp8,15,55
-0TTFAArJ9k,47,185
3m_mLJPZw9k,30,117
7QkwmMU4w1M,51,201
4xDpYgKIOJ0,48,189
2BzsIU85lsg,52,205
tcam-_o4SSA,30,117
K49OWIVNULE,42,165
2FfmlSJA1Vk,30,115
787efDWRVyE,45,177
-yaxcdMDcrs,39,153
Q7z_Q15OBJU,36,141
s8hHjhiYq3c,47,185
b4glNhNvMYU,13,50
lMms5mWwXjw,48,189
-c7szbkrqlE,45,177
03Hgkn0DIA8,45,175
6Chqxpans04,47,185
MwVghEDjyQM,42,165
Ahki8IOZ6Hs,49,193
MfeOJgRozw0,16,59
1mZcd53eOCE,60,237
HLz3N5nG8fQ,41,161
-67jCOryxzQ,22,83
67uP2_5Pux0,39,153
62sDMrOMJGY,44,173
60mG5rW2MQ0,57,224
4yUZ36mi2ZY,49,193
0p68pGdkUnE,37,143
25FbgON8ik4,60,237
2vmrKP7irZY,50,197
0XkFj7HPKjo,43,169
sLQ8X0qPh80,45,175
-pIsxxEYTF4,15,56
4iNH5KcANLw,40,157
0vI8XMhHB-M,32,125
oZtG0jnuBAI,48,189
03Y-DbTforg,37,145
1HWglHhExIM,38,149
6GJOd3UTogc,52,205
Cl9PugV9DCA,21,79
2IsgfovbWC4,23,88
8vNwkQIcrG4,31,121
I7OqRsLtmh0,47,185
jr2kxASSRBY,43,170
3R-I6lSQFe0,33,129
-sX0CbdkM2Y,60,237
q_huhNjRrFs,44,173
9YPnEBtfxHU,55,215
-vrRC2k6nyA,47,185
0MblVdcTD8s,54,213
0012y1s1bJI,38,149
27OL_sLTO64,45,178
BNNAOfjxY3E,37,145
-D19yRsucZ0,45,178
4Iz2-1AbiD4,39,153
73-r6Y7z_DQ,39,151
37bXhxNTyJE,34,133
9ENrIpq1x3A,36,142
SMAOB1Wt6QQ,46,181
3DYMHbOLVEw,48,187
bHfesK3rBE4,38,149
15MbxPQg9Yg,47,185
5VYm2PFJ9iM,56,220
0M3AYnUPk4g,41,161
2VwSb23oeW8,42,165
ee-0JGvEIng,51,201
2K0ZW0gvc1I,41,161
18NpKwKl6Rk,55,216
6LPJDuXC4_U,46,181
-OwoOIYsIXY,43,169
36m1o-tM05g,46,181
6Dwkt-j5Lb0,28,110
81kJH5G1oRg,36,140
spPxCn3I4V8,43,169
1GdLMv_PhPM,54,212
8fAIJO6bfmU,47,185
-udfG4GZmzc,53,210
aouKweCzxj8,55,217
-x7xMm47pfc,54,212
4SuSbEPVVg0,40,157
APv6v40L08g,41,161
CC4NGM8XDg8,53,208
9UVFFl1U_WM,50,198
cVQsteRY8F4,50,195
KiCB6pP6EEo,43,169
A2q9MnpyDKs,34,132
qoVQyvJcKkQ,46,181
D24VVtKo1hM,40,157
6e8U65rgekA,46,182
VulCKZgWspc,42,165
2-5NusVgiz4,53,209
-MuIRudOtxw,53,209
4FHXBQhLgKY,34,134
Gp8F6AaP1OM,45,177
1S2VCrPaFio,35,137
7pRfIpbc9cU,45,178
lKTKLkLPwmI,48,189
7vR0SDgYTuY,52,205
BkM7q3H91nk,34,133
42kfqC2muqM,48,189
-FISWhTWJhk,42,165
5zfgjuAo-Co,48,189
5K_c4LG7CEE,44,174
g6GSkrfyK2E,37,146
3WG5a9iiVcQ,56,220
tTsvjXYDwQQ,42,165
4UT3mhBPiX4,45,177
T5OiGQOZWic,42,165
1t-gK-9EIq4,38,149
-Is-xwitsSQ,60,237
DRHGGhCkixE,45,177
6_59rMcE0os,46,181
C2BFL4F6zOM,15,57
4hJb45sSO6M,25,95
YjScrri_F7U,40,157
Osm09kE9uCY,48,189
2UFTCXrS1SQ,43,168
0TvxfC413RI,35,138
-2qJQqXbtZs,28,110
3a5mx0D8BJU,35,136
KbOySeP46l4,46,181
5L4i10_g54k,45,177
-ggLqUKLPfU,60,236
5fApzVHlBi8,46,181
1914bVcPq0k,48,190
M83C5w1YAdc,29,111
312ti9EH4uY,40,157
B98yOZSj2GE,21,81
-skChoO4NgU,39,153
5LzydjWetN8,60,237
4dDQq_dDp0k,54,207
4aDOd3bXE8I,37,145
3tWGDOFEgAg,57,225
0Rl8HQoTQBc,51,199
3r6w5lzuUAk,47,186
0CzC0-cXe8M,43,169
MhY3XmvO4ZE,40,155
FKXV4EwZ9dY,50,198
QMAuy8Jtnu4,56,219
48hocB3tFmM,53,209
1HSic6L-wtE,46,181
0GZbu00-aMY,42,165
9a4bVuF-s1I,49,194
-NCD5jfkapA,55,217
6R8cO4ARzkY,47,185
Q_yoAT1Z3Yw,33,128
4KbT2wLgN2g,33,127
nZYT9ckbv9A,43,170
6zGSFN2LhRQ,49,193
46ERmKvFFcY,53,209
4Mhv2oHk2g4,52,203
4RVB5w_YOJM,56,219
ArfmOYO50LE,53,209
2_6jiYrY1qU,40,157
IodeRr1vIgE,27,103
9DpQC3IJDuo,50,195
qhyrLOJ7LcQ,40,157
6CAbCbf-8Nc,22,84
VHUZvGxQbFA,38,149
Kd7aHdOwh0I,45,177
97cZHnsspmM,48,189
1cnZrhivdrM,54,213
2e0brTzq_Wg,43,168
VazP0kjlliA,56,221
ODoQDztFbaQ,60,237
4wszySOJd10,55,217
0mTmoXWK1dg,38,149
-qf2TnF310o,39,153
3PVSh7dth8Q,47,185
-JlJFW2q_Q8,42,165
6TQ6OUlf_cc,40,157
Q1RFlE5Ge4E,49,193
J30XVELrIEM,60,237
-5V3sOxJSVc,60,237
7-CHe0iMx8U,52,203
snxMjHP5agw,19,73
rosiOZ0VIHA,48,189
Lw70FBwi_W8,43,169
99HbUc4yrz8,46,181
1DpQeB_Ydto,51,202
XMVoH1JjXw8,44,173
9gVT-c7PFVY,23,87
9DhCitL4-V4,47,185
-T8ZBK2m20E,42,165
Z-761oF0m8Y,51,201
4wv5elReT34,55,218
0cpzmeXrjnA,50,197
4aYK2lPo77c,23,90
711VWSzQQ2w,45,177
6usNpNN9h0w,42,164
A2fwPWv_2vE,56,219
FTsqN6DvDDU,51,201
1cpo-8IgL2c,45,177
0BVkJpD15FM,42,163
-Z0VMUfYaSM,49,192
Rnl06mksbuY,14,53
4DFCW3aPDcY,59,233
4KeFn2nuxqQ,45,177
9fqi8RdCDhY,47,185
2GfYNfKtpK0,48,189
2776AXzEjuU,19,74
muEJOWzBod8,37,145
gKCdntEVJVU,17,64
0IpYF91Fdt0,47,185
-yks9hncucc,51,199
425oTP5Qyfs,33,130
2rYqQH_iBm8,42,165
4afC_5XM6q0,55,217
kaHPxMgc6vY,37,145
3GtvLj8K1F4,41,161
GVNZZR1FcNY,29,111
3-bVVQq-0Cg,57,225
7V_UiXpHdBg,40,155
-lZapwtvwlg,41,162
3T8jTxknb8w,32,125
5IGRrTij-24,45,177
nmNgFcyQoRk,41,161
1_jP96MZWHA,40,157
5VKObGyZK90,56,221
1SzaJobeldE,56,220
KE1CGA65eZo,58,230
0dYNXsTOmPY,54,213
19VvB1fUaZU,42,162
H0MTqgT8UkU,50,196
-81q2Ugx54Y,32,123
60H36n6ImV0,44,173
BSlmq1E1q5U,40,157
0yFn6hHkEMI,41,160
0vt3Z_5zlLc,19,71
uiLrE9GB0Uw,46,181
sVGmh0ZTXVs,42,165
0pcmPoxVqKI,42,165
1eGRqwgzmAE,48,189
03Ybrm3Dmg0,34,134
-fTfRh0_RQ4,44,173
McCDWYgVyps,43,169
4aUDttwGEWE,41,161
5UwANpsCl0I,44,173
3SU6a9jrGgo,46,181
HlMnwIxk2aA,36,142
2y_aFU5sZoU,49,193
m22nwkPy2YY,46,181
3A4NE9jEtlw,20,75
gu742sT-4Y0,47,185
1voE13nZD_M,43,169
42-fMRhOthQ,42,165
gTXz4thnsYQ,38,149
ZellzAMG7Dc,53,210
3xbAoVtkinI,46,181
KU0aL_iR0_I,46,181
5oDKDSJTwgk,43,169
3jK0_3RCwB4,49,193
Vsz6dpRCwSo,40,157
4EWiQwmOcig,47,185
32nDQlgpVX4,43,169
dLLRg0sur6g,53,209
4tUbt7BgSlM,60,237
AACebVo-JXY,41,161
jmlpavrEd8c,58,231
4t7b588zSvI,52,203
5zBNpxyX-KI,45,177
MocXmVbat3s,43,167
B5KE79I2f-A,49,193
606_sP5xcBE,19,74
1BljQ6AdSbM,22,83
-vg8ttgP32I,28,107
raIIQCRNwu0,35,137
4xQcOwfV48Y,42,163
_Qnw4_agm-0,48,189
2GmJKobPYGs,40,155
ai3XR_nPrpI,48,189
-LiUMQU0Plw,42,165
8mLJx0fpzyA,41,161
CE2kv4STaG0,44,173
0ulm4Jt--lQ,50,197
0ReRU3F4o4Q,39,153
6AP5yfUvnho,28,108
26Ti4i2BNdM,40,157
88EfjWBAUkw,51,202
9wZ0yy41cgc,36,141
Z7tQy6Mo_ik,44,173
0g_yb4dWVkY,42,165
5RaXgdulQNg,45,178
MjrDF8uUtBs,26,101
-CZHTNnapBE,60,237
WiNjp9FhaHw,43,169
FzhEJFD0hV4,37,146
11US3h_KX2c,46,181
30pFiprB7oc,50,197
-IVVNTOnTyQ,43,169
0-mtQXN5UFU,41,162
0SKrqLzuLp4,44,173
-Udj_2z80ac,60,237
7raBooHPgTM,60,235
-DPpAs6owBI,32,124
Fm5ZiCupuqc,43,169
-ss06gXsPgI,47,185
3-QgZPCM4nk,46,181
41Lo3wqqRGk,60,236
6_Y5XJW1SZo,48,190
-GM-ogU1Q4s,30,117
9hf5C1-dO4Q,49,193
D0L-M4trkpw,34,133
4y7zBxH_gpU,30,117
3QLkifiUZmE,27,106
3zW_8oVCG44,33,129
Gbdm6UbWl4o,25,96
IUItviB2VsQ,44,173
71cITZqxtAI,42,163
2OFf7xpcUHo,47,185
DCnMWm2AwBs,46,181
2NPlszP-NUI,46,181
27rg0kFTVEk,43,169
6XMdr4iSpO4,20,77
1PN-bfs2EhY,55,217
LVFYimyY7sU,40,157
5VzLFcGaS2o,48,188
48XrJGJ085M,43,169
K8On7nUJuP8,47,183
7jcIdsTZpOI,16,61
Cpwy_3wUjSc,60,237
0RqHkIvB4VY,42,165
3PXNSZDwh6A,36,142
0GJsOYhaGW4,60,237
-We4pq3tsX0,53,209
3WTJWmEPoME,41,161
1iHVA1o1U-Y,40,157
AHoWincIkzc,37,145
DP0-le2mbZg,47,185
-nDi8Zp8Cug,51,201
0WR6BPNosE0,47,185
1EubbOxODxk,25,97
3UQj00coD2U,41,161
0XwW5Ci2lFs,27,106
lh2_fLxQAt0,34,133
QqdmtqL64RA,41,161
3yyyVpB4JME,47,185
5tONJhIrq60,44,173
5OHhv_51NPg,56,219
1oynoQ7zKQM,53,207
4PQAJ_WycUo,47,185
2jDi7HvzTKQ,36,140
9UPjyNjGPLk,43,169
1U38Q2MpYM4,41,161
5tJu4zrNynQ,49,193
031vhuk_TIE,47,185
23MJysqoBEw,20,77
-2Mt0URu_Xo,54,213
05p8zKBzdPU,49,193
0tatQX-nBfs,51,201
07yjBHbzzh0,32,123
7h0NZLvttTo,51,201
V7edkwJsgN0,40,157
WJQ27fShKvk,36,139
lYOw8di2k4I,46,181
-tDq_wE8XUE,21,79
IbKggh9a0iE,60,236
j42ETHcp044,33,127
0aEJqVazVqA,43,169
-wfnaQQEPqs,46,182
dEsYWbxla08,42,165
5xJdFysNSf4,43,169
1RVaGEVn7m8,35,137
-9lhTURiG5A,42,165
3SH7rby-Cqw,27,103
A7IAYA3qF58,24,92
TxuwrWYaUD0,11,40
-s6dPB8fyQQ,51,201
XZ5oHxjfHKY,44,173
3twm2ErD0kM,43,169
b7fP0ON5qIU,37,145
1B4bbn5MePM,49,193
26m-ARnpQY8,57,225
lPyBMsjVG94,34,133
1zMB8Q5LMCE,45,177
3Enq7k2IpvQ,41,162
7MWwSG75mH8,42,165
1F8kDtgfsBs,34,133
22DapbNwnUY,47,185
4q9prFlpfUc,45,177
7o1DlCPuGhQ,45,177
HePIWl6hQ4s,23,90
LxYCCBN7xTU,12,46
-GzxgZnNMmY,42,165
5ntShu2_a-w,55,217
3xWiV-_O_8k,26,99
aDsnFA2GDQw,34,133
5D2E7s9bEf0,39,153
3-h8hGmup0k,50,196
64r4-xEBNeo,45,177
oVd-PG3vmQo,22,84
2hbxKYdO_cw,45,176
yKKMhxuHcJ4,39,153
70nxwCv5v6Y,27,103
871TLjDWOlg,40,157
-5YpkfJk6vI,53,209
mohlfADrrP0,40,157
7M0TfVmYe_8,50,197
94tUB0BvKhM,60,236
-gLgdyK20AU,43,169
1iZqsw6tftM,17,66
-zArbOb6Vr4,36,139
0BKDTGRdzn8,40,157
4vsI0Kwn8jY,51,201
2nyh86pbQck,59,234
4D-0DrOOVaA,50,197
1-3nedESLZs,53,209
PLaVQGIwXCA,26,101
mdC78ZNupCE,32,125
3Y9jG5llsns,24,92
1jxqWh8kOgI,53,209
GnmgSQq6E54,60,237
4jmvM2R2jAY,32,123
15w5MOkhlZI,43,169
97MdiXE8eWg,31,122
1BFpJ67aM6s,38,149
0ZQoWu4HK8s,36,141
7TVGZyB0EOc,47,185
27d7KqVbvE0,41,161
0HOdeJZo398,48,189
2X0lSKi67Vg,44,173
2Xrsg-Vo4tM,37,145
C7ybHpzT-Wc,48,190
0iiwZ2_9Vi8,32,125
-LMCI_EBJvc,42,165
-3cXcRajPSc,38,149
0bedv8B0ve0,40,158
bxKdKUZP41Y,43,169
-wIb1d00Fmc,51,201
3z4y84iHY70,49,193
Dmy4EjohxxU,44,173
39lhrblviZ4,49,191
1H0fdBjsZHc,54,212
E4w7fBwl3-Y,43,169
2pbX5VxvB-Y,40,157
079vcq6drhg,50,197
QPrSIQPpIO0,34,130
RB1Y7vodua4,56,220
7Jn5g4__MkQ,50,197
1JUSlR465lg,43,169
fIer0uCLqSM,44,172
xJq5BhrKS4A,43,167
1uje04K-ZY0,47,185
MPe6ztPtF0Y,36,141
PdXpw_SscLA,46,181
4-l9NnKkXy0,41,161
mA5glWD2sVk,55,217
l-iIfi3SNpw,24,94
1NW3dUhTAoI,52,203
SvRtOYGMWV8,28,108
3fdw7WJRVQc,31,119
5Snq3FTk5Q0,42,165
-ik3jiIikfA,40,156
gS-JeQ0dbTQ,46,181
8VsQP1wDYOo,45,177
-no4r2Y4qRs,15,58
457CqW9Cc6A,51,201
2sSAvURngJY,43,169
3z6dDa2sNqg,42,165
2Ygx_6Q2-NY,22,84
-dMfjQYbj3o,23,88
08kfpTTuYrc,15,56
5csyeJ9nUS0,41,161
4RiKFmKXPKs,48,189
FD1LeLl1xBA,51,202
0h2twJWygNI,41,161
K2nicVw_XRM,25,95
0525ey9R5ss,48,189
DbgRhWmYTJk,14,51
-Z97SP3JvyM,40,157
06si40RVDco,46,181
08guf-U_jYY,34,134
18IpqzEBKtY,31,120
0P01HpD3Hsg,47,185
8Wlvho81zus,43,169
-PN3OIo-oT4,32,125
0ol9zkpsyE0,60,237
5CNyP2X13HI,40,157
9Twv1-flnUw,50,197
-u1FF1blIcA,49,193
7Jcaea97kiQ,45,177
3yJvmPPZVIQ,45,177
ABCUrbSmLuo,56,222
0kP8aQCt2eA,53,209
J0lA7ZDfPLE,53,209
0Y98tzWJkjw,20,77
3IEB5CbBiPs,33,129
1p5jl5JeZx8,46,181
25xFMsRaAic,44,173
6DXsZZhsQRE,41,161
uJJ494MYSmo,34,133
0AcaYTOIa70,49,193
-W9fquoJjVU,22,86
DTZ4khupsCM,37,145
OVhPqvG0ezA,39,153
6-WxHsmNta8,17,65
5HEBNqygbW4,50,198
BeedYSwqgaI,46,181
0bIOZhSEKOE,46,181
AG5ba0awHu0,41,161
1ficajioicg,46,181
32GWBdVZYN8,50,197
EvzXps-qqO8,46,181
8WtFMfpckrA,30,118
-YelHdsH4Sw,38,149
5AXTGbLjNtA,39,153
_XyxrZDZ36E,38,149
53ogMQWPV30,47,186
0OdJqt8BOdM,46,181
30USM0SdMDo,39,153
8CcpUJCVQNA,34,131
3502lHaZQIo,43,169
-pKZwsoIZWU,41,161
3j-Wiq-90_s,46,181
6_OnN2AmCYE,52,205
1iJPZfS8U9M,46,181
8RQReyEWDdA,42,165
ZzK728trMw8,30,116
CTWtiwntfgw,49,192
BZK5xQsIMfs,44,173
2zDyhVx0-70,42,165
5Sfvn0UuUuE,45,177
2jIv5qBTS88,23,90
2fEzJeL-LoI,41,161
9vhmc1YIZpA,24,92
D2HyDCMIQ50,42,165
1VMgM5t-NWU,35,137
BTHtb2nqivY,46,181
2hjGstq_uhU,58,229
-ioDTBNcu94,60,237
3D9nFlR99Qk,47,185
6OkKXI9MZKs,58,230
5sBmfU4dztM,47,185
-qtW20nLO8E,56,221
7bKoyfefqsg,48,187
BAqeRLCcXYI,37,145
5hT-78FdZok,40,157
3X6ETq3FwKw,48,189
7G8ZGuGNrw8,45,177
6BitLl5Bnxw,40,157
-nQ9a0P1TlY,32,125
-w0ZngFkQrs,60,235
-3-4qmWSJXU,44,173
7hspZOznOIM,60,236
Gk3uD3mWva8,33,127
0yU3cvCEX9E,48,189
5-F51N8NHso,56,220
644TTouN1IM,59,231
2kMPSBp6HQo,55,217
798eNj0s0Ls,23,88
5Exe5MqIcio,29,113
05EraRyIIKQ,26,100
A6T7Pu4pL1M,51,201
Pc-XnRIIgqE,42,163
ZoTCCTw105s,47,185
4GceL-ywlGs,60,237
JAV3Pf4ut8Y,43,169
L-syzwlD05s,23,87
uiJLBOLQYxs,37,145
m8GODjhPOpQ,41,161
-XnKmrJARpU,41,161
46CsEO9UMrY,42,165
GEwEOl3uxC4,44,173
4W-pEqrHcGY,52,205
1LQBKRQtQHg,16,60
5yMvxKLDku0,36,141
FaMX37jegRQ,58,229
6oXaqCm2d0c,46,181
7JQAf8okneU,46,181
0He01mhNC_4,60,237
5s-JIxdMvB0,47,185
4GclkzsR830,45,177
8-Sh3oJJIGA,41,161
BuIMVqz85uk,60,237
5oNtj6wW6-A,46,181
U-Qe9aNkrdE,38,149
TKZIwdxeQIQ,47,185
HhJNtJYbWkk,43,169
AedlWfHafgw,30,117
10s8Y6nK_6M,18,68
04YSNvLgZU8,30,117
1DGgC1sclpY,39,153
wsffEFutYQw,47,185
1xcDoDIrFj0,32,126
5lTa_i1NCDw,33,130
7iwFVtjMvqk,26,101
2u9tk_L7ZZU,39,153
6boVy5aF4kg,42,165
Eso-mg6wC-Y,38,149
6tIrKWJt6OE,43,169
1ektGLLDaaE,41,161
9jrTswHdg4I,38,149
-nvNCdEK1vQ,47,185
03y3RgMybY8,42,165
YwoYv1REVss,36,141
lRyNx9_7NIM,48,189
-hJz7bcpY4g,34,133
60abvB_lVXQ,23,88
ERxSZJ2rYXY,44,171
-K1BRF6qng8,60,237
CvBWR6x9irE,45,177
3umPqOkFiww,47,185
-kTClnq8gL0,48,189
-KECxvZZHYg,49,193
x2ztI3YNu9o,36,141
7oHaG3Ez5-4,47,185
1mEYMdHfCyc,40,157
D7szWUIEgmc,44,172
Cyk7utV_D2I,54,213
-s2G3Kto0Gw,50,197
2LBBaD1aQuw,60,237
5cQiMAvfRQI,52,205
3eOLvk6arU8,49,191
-7iI6_7PSDA,43,169
1_uOIG6pwc0,37,145
cPgO0qGByu0,37,145
NayBcXgwQS4,54,213
0TTAsOj8Mas,41,161
2qAlWm3NES8,40,157
eJwNvNpCMN4,44,173
35iGp2g_U6A,59,233
a02EQgiGng4,42,165
3jwG8O2VQao,25,97
3JRrTwv3Qbg,47,185
C2rJ-VJLcdk,36,141
5CGrTHHc2ns,44,173
CWVvrSKZd1U,47,185
5Uodeo_Ln84,36,141
0Es7Gqf1aqc,30,116
5VTJP6_RLW0,44,173
B-Q3LzbdsCE,15,57
-t3bFrIjRDo,50,197
2X1eX5WsqTo,45,175
0UMD_hIj_WA,41,161
EKiW6ZKqaBs,28,109
ILKdRNizGCs,48,189
5UrZs3LyPrU,42,165
4NKZsIkz7Nc,45,177
9KZTNW5s1N4,11,39
-c-jsQoG4Aw,47,185
MCkeg99jQZQ,40,156
0XFFOBzJ3aw,40,157
2A8w3HDOGPQ,51,201
0lnrlZAFYk8,43,169
0XbqYXFS3I0,43,169
Bd0oLUOOhlw,24,94
3mOVSNBWK44,44,173
8gF_GTn2lJk,36,141
08JeC0Vjd08,54,211
1DDz9s8d4YY,51,201
3wFAf6wVAVM,44,173
5cLz-tSr4c4,25,95
4MUBsl8XqIQ,49,193
0CQnnJq9xn0,44,173
145xmsgTDAo,41,159
3Z_Y9oR8TaU,39,153
13GgaCRbUOw,41,161
73XPzBu7DhE,28,108
JZXHW4Cu6Xg,15,58
Hiw32i6UO_8,42,165
9E7auxC37hY,22,84
4sJFrYzql_4,46,181
07i8GPxgijM,50,197
-wvdBDsvSmc,55,217
-0YaPPvFmC8,48,189
2-xhTucK3cI,18,69
46LhKHCmFxA,55,217
jin4FoKXn1o,49,193
8Zhiz_YKwqs,47,185
4YFM8Q_CNSY,40,157
EfN8PDNfDNg,53,209
BBV6jCsOLOM,40,157
o3qLyDuP37w,35,137
-judncvKimM,20,78
2waSY9SJ53c,53,209
7J7uU7kl_ig,44,173
2J2rg_6d4xI,41,161
9DtYImZlNXY,41,161
-4kV3ulsTJc,45,177
1U0RE4t9w3Y,46,181
7vpH93q9St4,51,203
3-kd2gz3b04,43,169
3br-2HB2rh0,50,197
06xxz1cF2WA,53,209
4x2OdlSk5Ms,48,189
E3pv2mAbQ7M,46,181
tdg1BUzQ8Ps,12,45
2r-ivyuxOnI,54,213
27hWTLzVf3U,38,149
XC-QWABOjcg,26,101
2p8Z_JDIvuw,57,222
0Tb3_g47768,37,145
HPfBYRU8tVM,48,189
m0kxHYaGpL8,33,129
1YBcZgH5TUE,23,90
26B0Qq6eBiw,39,153
0mE_QHX53WY,40,156
4wBHzkmCBkc,46,181
-tQU8BGtDck,23,89
01Jxsfxi1r4,49,193
44LCU509K5E,48,189
6oqc5k2uwNk,36,141
Hp-9hVWWpIw,37,145
LhRNnXaSsCk,43,169
DT1WrAVRtX8,45,177
3Rl4QZQBK8g,30,117
-aVWxd6fwWo,51,201
3MWPaDqDI2Q,36,142
-stuXrqEECY,37,145
4m517eFnzuo,52,205
2vHV8PyGizg,48,189
-32R7lVBhoI,43,169
zzbTaK7CXJY,58,229
3p0EJX_ALfs,43,169
86XtLYXaAEQ,30,116
I4AsMxE3tFA,41,161
1Uwm_DuNVu4,31,121
8oEdgb8iXYA,10,38
0PZQL-Msz0s,39,153
5yPuU1le594,47,185
1mDVoszehUo,41,161
0-zs3dCBvDE,34,132
1fAAnaWRLtc,48,189
INCP-fQ1HDQ,18,70
Kt3KMQU1hJQ,52,205
IZ2hLZCF5dw,15,58
9glrnJjUAx4,28,109
-0WfESRV74k,50,197
0HXYdGGKV2k,38,149
-r-lijxXqkk,38,149
10khlGmxNsE,48,189
1aLHzcnrdxc,54,213
4JtepugY77I,13,48
-i24pBnZUTU,53,209
HMnF8n9c5-Y,33,129
EaxM8o_64fQ,33,130
25P7qZO7D5E,49,193
2iY1K2XCfiI,41,161
LcFXCaPmvbU,50,197
5w6-TWB_DHs,47,186
nErtuhFMtNc,37,145
KZFD1lRFNaw,50,197
-2McrNUTKQQ,60,237
_K1kuSGS78w,12,44
NRI7lAJeVHs,44,171
LX45Unyyosw,16,60
6PPu1C_00po,60,237
2eAheUWCOjU,13,48
46Am6Pl7y3s,40,157
4xkbCuIypnk,44,173
-cKbOLMm0yo,21,79
B9wRwZkoFvY,46,181
k8nX_e6MK9w,42,165
AqwQzr_B_w8,42,165
11sEP1xzI-U,37,145
-N58QdH80nk,42,165
02tQ5sCp3sY,37,145
24NvKl_DaM8,57,225
0izT2gPbsok,48,189
1UMV0lTH9UM,34,131
2JJRFB8W1CM,28,109
0F0lo2ICjVg,51,201
CiZFzKbtBE4,47,185
rjGjz5DolWA,50,195
40c76Dkbzbc,43,169
1KpvQAM14Ic,37,145
Llsf3bV2ls0,30,116
6e5o0lzKfas,54,213
1VQZAJgvzWI,41,161
42jsKgdY4G0,49,193
-AoYJNdcBZg,31,121
-WcjGzWVqNU,12,44
dah6YNw3Tsw,40,157
9zz6uRUO5b0,37,144
Do1hG2Gl1w0,39,153
SrYqJlCuppA,13,50
-E-5957s3RU,51,201
MJwSw-tc_t4,34,133
86HUZpY9JHU,27,105
8zldVGDZgCw,44,173
3HFoifhTsqA,49,193
lKWERZ4Tq2A,41,161
7QNqmApWIjA,30,117
28StN9ykZ68,37,145
eq2XqmviZD4,16,61
04vdECGx-8k,48,189
jAXka8pSqRw,44,173
v9A68q_iQqo,29,112
0F5JA8jDCw4,46,181
7Gmz7Frx2Eo,38,147
2DXXAvNbm3k,42,165
33zYhd6b12A,24,94
3JNU46RBxag,30,117
-ADdYJy-jJE,44,173
L3wQvwenLlA,25,97
-NA-UnuK1OY,42,165
kttVCbTrDLw,45,177
2cVk2TTqH0U,44,173
3Y_gRba0sic,46,181
4-_AWdbZnzE,48,189
1oNdZdDtnxQ,33,127
58g4nIgax7w,45,177
7aK6W8-Rt38,45,177
10yXy1PeMp8,24,93
4HFaGTxgh14,44,173
C9qoQVLEP0g,38,149
2VnBVi_9ErU,32,123
7U5V5Teqo8Q,10,38
6eU6CpRWu-o,59,233
1M5Awvlg5b8,53,209
4_orQ95QFl0,29,114
-xG7cTGGyZc,55,217
-CxXxHczP_c,47,185
vh8Uh1zTLQw,43,169
4-AI7RRmPLQ,34,133
3AnX4S2U_z8,45,177
0ci6Xyw7f1w,30,117
2pJRXZQzseQ,48,189
-u8XTnRF0pE,32,124
-RNbb1ZTu8Y,48,189
17hNGTxg6pU,47,185
eV5JX81GzqA,32,125
GtZEBM9fBts,16,60
__2MwJ2uHu0,50,197
-UovWhSY-EQ,54,214
P02Zdk3amjk,47,185
-HDFlW6kofA,41,159
6WtAwGpOrdo,47,184
BHGB73ilrCc,40,157
2VG7r4RXuEo,48,189
5XkjeP31RTg,45,177
6m-gktym3IE,45,177
6dWmAx69Abo,42,164
LUfzlkl-Dac,21,82
5xwG0JrH2oU,25,96
27FwPto59h4,47,185
ck5S__5JJvE,18,69
8NuBPgR4bHI,50,197
QejVyYvjrrs,54,211
19_c58yNYVw,39,153
LiHQ6oUWCNM,47,185
2lIszX4ZAfY,50,197
3-dHPcYckl4,13,50
WkavReH4LE0,32,125
ePaVMB0SH4Q,45,177
7Y2Br7yanLk,40,157
CIiA39U8UTw,34,133
rmyjT-6mWwk,47,185
KQdTp3XploQ,33,129
232P4W-sWpU,46,182
3gjF-cVb_m4,46,181
BHf4pvm-gGM,42,165
4IXh4lRq_Hs,47,185
BQPk4cmN__4,44,173
hGMrZZaTRSE,46,181
36F69qWHcqI,44,173
0_X7kCoZYd4,32,126
-XRiLbb3Syo,11,41
72ZafdRaKCE,51,201
-NpIi1FoTXo,60,236
1RfD_izFUiI,43,169
9wUl5xHWcfc,52,203
7mPAAZP8SIk,34,131
0TFQvfuNCVs,10,37
BDRbRjjMLDw,34,132
8WyyazzxBQo,25,95
4iWXpUNpXtw,42,165
3v0Yt6xC5og,33,129
0h_OK8EZHnA,37,145
65WklEXteVE,38,149
BINanfoPH2o,55,215
-AltV1ftMk8,31,121
HTUXByy6Ezc,44,173
8AzV_Sz-oYw,39,153
_HEzeeRT5_0,47,185
JIMJ7ewIoPA,47,185
BdjB0yo-9x0,47,185
-bB59wUE6EU,37,145
-vSNKf_nTJE,41,160
06JrdSXJEkI,38,149
DNDz_sjBBY0,43,169
7CpJqErX27w,46,181
8CrTpWNBiTo,44,173
4SQ-JmWEho8,48,189
1OYjfe7l9QE,38,149
0-jDld11jhw,49,193
-mn1193jkjY,32,125
17CpJxlwzNg,43,169
1YzJnyM15UM,46,182
3TPJGhyqRjg,39,153
DTVyQel5xfI,42,165
fo-Df3ITVh0,47,184
pMIMLbKt5fM,27,105
cRlp5v9BHeE,21,79
84A2pesvtjY,42,165
3C0KtiHfBgE,38,149
2Lb6weWw8zI,48,189
-ytslDlizEc,47,185
JCWD74XtkJc,44,173
-oI3MveSE_w,60,237
eSOT5an0BsU,55,216
3se55vnrD0A,34,132
-Tch5am2RTY,55,217
8IBC0OUjLb0,40,157
Z2jt6sE1wjw,15,55
5eOhd6g0Kxw,58,229
C6qh5rytigM,41,161
-6PJbEt7NKg,42,165
FIKZ47cKwck,57,224
3nr2D8MOvuE,48,189
nXtEwct1VUE,47,186
ebRLSVHIGEE,46,180
0EVUg5fJgps,60,237
8bnsGRX_jH4,42,165
4VFIUWyw1j8,29,112
2at_rdtSoH8,46,181
6HBz0_dKnJQ,39,153
3d5tPNd4Olk,40,157
2AjvzWFxQLg,44,173
36yvY7tUqIY,48,189
-oIJ4vrZTUA,42,165
5myLGolqMm0,55,217
CocisZxgkVU,47,185
4sZsjCkAxYY,41,161
eWGGj4duzIo,60,237
1eQE_zbuuFA,39,153
OgNQNXyRdkw,45,177
3R9OGsJWYiM,43,167
-b5AbCknZrs,39,153
ADtA2TMXVvo,41,161
-QJCOlcr9eA,49,193
165ompt6e94,41,161
-VudsuhSnX4,37,145
-JrBAJFx_eo,42,165
5vw_oc4x3NU,41,159
RgnrNhKPGmo,48,189
-pbxZsS46l0,45,177
-3iQfkOVi8g,42,165
0dGCQGtS6aE,40,157
2uGhMcvJOLA,45,177
97tUVSsBFuU,49,193
HKt34k7B7BA,37,145
3hztvJYikQY,41,161
12x4YUqjIjU,60,237
3D64AmSIdnM,35,137
4GPDqOodSUU,48,189
ASwpnZmUtL4,52,203
dt7MmOz6AgE,44,173
4Ko2TdqMgks,43,169
14jAozNsNsc,10,37
CsvtHy2q2Og,42,165
54MkoyLle2Q,42,165
-kr2fAuZB6A,43,168
4zpPRTFxdyM,45,177
0yQFLuXBbTo,48,189
D4uV57RSX_4,36,141
0PdZjLBCoh4,47,185
5EenVClRRKU,44,173
5Sv5WkZcaTs,49,193
tXDtxe4ugzQ,51,201
HhK3H03kEAs,43,169
0TVs4v3l0ns,47,185
3ACjUf9QpAQ,50,197
0SC_QHdJo_0,22,83
i1sPuDZLhwo,23,87
DhxWWDGdF8I,32,124
-c-T5B20I3U,51,201
8OGU2iV-K9s,16,59
rLa17dibI70,49,193
PpK09wcJWVE,56,221
rbNr-0MbOSE,45,177
5fKWiCTFZgk,60,237
72RI4phr0F8,60,237
3-aPBtglrJ0,47,185
1DUjfw2-hzE,48,187
2sKmLLGGuVw,26,101
UyCw7pCgYg8,43,169
2mxXxI97EDk,52,205
323uKBR-l4o,40,157
3ZcrkmbHrPo,48,189
BBfh0v1KH2Y,48,189
O4XYhK_tQnk,46,181
-luxLCoCpag,60,237
68W7LCScWUQ,35,138
8ggxlb1rYz4,48,189
i9i-MjxVOnY,41,161
EgQr81c2nKE,54,212
A1qKwuz07ss,40,157
-4ELUORuKtk,46,181
aRbesDf7X2Q,55,217
7lTxJy-TVZU,42,164
9RUUoJLGil8,42,165
29jZqBJOIZs,59,231
A1qnBfnXb0s,58,228
0dwUaqcma80,45,177
lNpyUGhdNI0,10,37
3Uobw6f6SnI,41,161
0LRrqxDqL6s,51,201
75pQpF55a1w,28,109
qV-1zIzfDS4,42,165
0UdBLXO6hos,39,153
IKkkix_DHVE,55,217
1RNq7dbRpWU,25,98
moZ49NEGqfk,51,201
6Fh2Ducw-NI,37,145
4V8ndetGMCA,44,173
0If7Y5Ipc3o,38,147
NwGcF_Ud-ig,45,177
Dfs090CuKNM,44,173
EXsuEmGq9TY,44,173
QB1jroqGo6U,46,181
2MjwPZhx8rI,43,169
Dn5UvPhz_BA,57,223
4gVQSm2dMt4,58,229
7M1kEj6HebM,42,165
3JoQa7hanYw,39,153
2o-kTkbWjQY,44,173
0sIYpf3_JWQ,46,181
3Pfu7BPWvL8,48,189
7WSH77zPigA,53,209
eOwKvuuMl74,50,197
4_XqzwVds1w,32,123
0N6S5OoG7Vg,49,193
A42nWoJl4bI,44,173
V1M3HiUz0ZQ,60,236
vUn1NaMwqjg,36,141
5CRiiqXAJmM,31,120
-eU5l9eIJnU,26,99
2ndwZG2uok0,33,129
v6XMaUzmGBg,40,157
ff68_2YIAvE,52,205
C8iDQnKWLkw,42,164
-kqLcm1nTwY,47,185
0P4qmjqBg28,52,205
68T7Pm5Sx1U,49,193
8401jb_h2sk,51,201
ReapbTRiv4w,12,46
5fXJCIGhwIc,54,213
bd4H-XjFNiM,47,185
0dh-PjhhN9U,47,185
-ZpfXjmTrI8,60,237
5cLR4azz7Q0,27,104
3vDDWN5GKAA,56,221
8Es3RelzBjA,46,181
PSuJpX1NAZI,39,153
assj01YCKFI,49,193
4O0eZ-nquKU,20,76
1rTzmUaXbzA,21,82
0Cl-hSMESWU,40,157
-e5OLAVke2s,53,207
1tgQbwMjX_o,38,148
2eN39YWP7Sk,50,197
2qsYvMVuz3o,41,161
uVlO-iMDoNQ,40,157
q1gQRZ3Hi1I,48,189
3eNOYQj2zKQ,12,45
hyidQfzCngo,51,201
5ti4Y_P7E4U,59,231
-L2ku2l9i5M,32,123
2KxW-XXQWdI,49,193
s4BRktytaS4,53,209
KcjSOd4R7VY,30,117
-OBtV-0Pvfw,48,189
5xoHpWLcilU,39,154
32_g6kD2EtE,47,185
-TFcw00SlLo,44,173
WWYL69SENIE,12,44
ChTEQTFnpec,39,153
58z9Mk7XNEE,49,193
4qHBpboCSQY,40,157
gNywrPYiLCM,45,176
-eqkzAKGBZg,39,153
V2_U4WLNC9c,38,149
-BUtBQDWd-o,54,213
6I30AAgdHL0,43,169
AbBRR73SRSM,46,181
0bj1ynHjnR8,36,139
1GQ3XQ-cacQ,60,237
0vHTUkZJeDQ,42,165
7wmONBGzlKs,58,228
3rns4DQHEn4,40,157
26NMxiuj4Hc,45,178
6YS1f8iGaj0,42,165
5UIeYm9xJ-E,26,100
6IPmRw72aR8,51,201
5mKfMbsjeAs,42,165
MQcJWqlpiFo,48,189
4uLtndu3Uc4,45,177
YnhHWJUvinE,46,181
8N58Py5K2ew,38,149
0XpOd-sy594,50,195
-AEZuuoyJug,51,201
21lP8DM45QQ,51,199
3DBebXDpCus,55,216
28urcBDSIjc,49,193
00pOYhQi0JY,43,169
Ii5W65uAeF0,39,153
2Gh5s7IYzEs,29,114
748OX0m9Vh0,51,201
09wYHMyHW_k,42,165
IGikBxNZsf0,52,205
b2yU1j1P7n4,56,220
7QQ4IP5Qy-c,46,179
36wNg9UpZuU,32,123
3c6cDLE29C0,49,193
K1mSyipUj38,46,181
uxy0ovI6cNU,49,193
1DKds_ZQnzM,48,189
4fbUxBr2A-o,42,165
1QSd_2Trxig,39,153
7gr6ZOKZwuQ,32,126
0xiWpcy2dHI,56,221
6Z1hiWQnDiM,34,133
-DVM0BK_h5A,50,197
3GGXEDql5zY,44,173
8uQh3kXo2dM,44,173
5C89eGAf9eE,31,120
3l05t_jAc0A,28,108
4i-4ftqMeo0,16,62
1fBKftEVXRA,47,185
315VDFrYSZs,39,153
-HcXpijfhKk,46,181
6o0mZVMfKss,45,177
5u_rRh3F528,34,133
1DwYJUNWdbo,46,181
0-wCkKWGpSE,45,177
2nYOk_XoDm4,50,197
1zYsKe5HhsQ,31,119
0vCRQ9YP8zs,39,153
0TqJun9TEbg,38,149
24D0hdwUWQc,43,169
wgdRva2zlG4,53,209
_zMzODntmas,22,83
0dbb7RX2K60,52,205
ZFs03gCSB_g,47,185
0ZUra2TsTPk,52,206
697y9q8LPMY,30,118
Sem8fMv0bKQ,41,161
-3MNphBfq_0,44,173
52933ufeP_4,43,168
FAcA4CyL90s,37,145
20SQ6TwjChc,18,67
4z8HTrCvEsc,35,135
14RH-dyhSkU,52,203
0br6V73Zr8c,60,237
3SfSQ3lQmJw,46,181
4-b0IdcVTqw,54,213
5SVpG8o3sQU,41,161
W7KbboEOmeM,49,193
NYXNWAkN5ug,43,169
6ZiFd6_GLlk,29,114
BpzAsX9y43k,41,159
P4x12uMeVVc,42,165
0HocaaJEl9o,46,181
-BtHxM5Uvig,32,123
1lFcPooQI8A,40,157
74LHxIwDM2E,50,198
4CVPZN0FNGo,34,133
EyEVKlDZtrw,41,161
7XJWQbBWmQg,11,40
2UF5AB8PqQw,45,177
91NkSJ9xG_g,15,56
A3h2kPKC_Ys,42,165
15hiayVLYkU,43,170
c4oagWg6CWI,42,165
1pEb4COXx48,48,189
EK3aznI5Ago,58,230
-pUgeKlzeo8,53,209
4AXCW_lKY2k,49,191
3T4D_CQRNyM,47,185
1pnrAM_i200,55,217
3JNNjd9fv7U,44,173
2VGc4kXn-XI,47,185
-klXBZvskWQ,11,40
1WWPdIr91b8,46,182
-Clj-vNybJs,45,177
82ic2Xisrqg,40,157
0H5PL5zNHmo,40,157
5ZLtJqUI4-g,45,177
-spqqACI6UQ,43,169
LAeWwMC2EaI,43,169
4Yzf3MJy5FQ,48,189
4dhVR16Sm64,56,222
75NeemE8adw,53,209
zdtVT2xwrHU,44,173
3FjVt48RnJ4,51,201
0MuM1Nch4xY,40,157
4IudCgEvbTk,23,87
M-bmsXbJBdw,44,173
9QwaP-cvdeU,42,165
1Thqsodw3zI,35,137
03nufAWeM4A,56,221
Qy5yMmTOUjY,26,99
-IsCA5lBN74,40,157
-JvWk-7okCI,60,237
9XxdLJCvRwI,15,56
SNbQWJoCvo8,56,221
yl5ar5m-rk4,51,201
-nJoxcmxz5g,45,177
28vXmuiUv94,40,157
9jcP7m6lFYI,42,165
-SgK-t40AoY,42,165
2QhE0GMctFE,49,193
-uSKedzGX_M,17,66
43ocVGKVOKA,30,118
3gs4tJkxo60,22,86
1OqxbyQG1GY,47,185
1WeD3graT0Q,41,161
7yXROxIZfeo,38,150
-JtKwDMvoIk,11,40
AU99_nPN-XU,36,141
1wtAP-U5_kQ,37,146
y9_9tveI1OY,48,189
88N23-hjddY,45,177
0owoOrZH2mI,38,148
TIL8jEw8pSc,41,161
6VuEruoChAU,51,201
G-lv4kPDwUI,49,193
0C-5reSgR2w,52,204
0dSZHs1srxM,44,173
RGOjpIPnVFo,41,161
7USy-jxSsUg,39,153
08gEwiRHk7I,42,165
Gev0hESx088,43,169
ALHOxHxV8Vs,13,47
1DBmI9YGqfQ,47,185
1JZBJXb_jzM,49,193
3UjvVNXo91s,44,173
ijTDR6YQ9V4,38,149
-Q1yBDm5xvc,33,128
Cqv1ZDkW7p0,49,192
5tIPMZJUNgo,46,180
-tYLYITWHEk,31,119
7PQW6zylw6I,38,149
f5nX-_w6z2o,49,193
AwNxh9Ogwck,46,181
COtxBtwFyeA,32,123
-ZwsK36BzcY,54,213
627AYcRYuq4,45,177
0i64ZMyyqUo,33,127
6rhJ9DfFBJs,46,181
4zfFeyQlU-w,45,177
1Hrschg83VQ,50,197
-91YNgiNXkA,40,156
mxJJB7Y__Ao,41,161
LCOEs2i3aPk,41,161
-71Sh7BGYu8,51,201
-tR54w2GEOk,45,177
y4T4YGZKamk,54,213
0kOQll62u5U,51,199
CYZ8TrVcthM,57,225
rJn8Ir3YN0g,45,177
ILBWV9AFKDU,44,173
Fhp161yYg74,38,149
QXnJ2manIdI,48,189
9rqXGBgjIjc,58,227
HLxIwN7KAks,46,181
0qcqPpmZ4js,43,169
62X8h0wi2ps,36,141
5UZTTkKxLc0,49,193
0RFa3yJRuDg,44,171
-D_UlvQUT9s,35,137
6YQAT8nKuME,47,185
D31J1VZXMZo,54,213
Ayr3X0IMj04,43,169
rTyQuGidCBU,41,161
-dsu8i70W7w,53,207
9TblnpvgZLI,49,193
7bW4XXPh0cc,51,201
6xJa32vSPhI,41,161
3o-PCZEuJIc,59,231
2MDjnJzuUaU,24,93
1g6sdWOc9k4,38,149
EPsc5jAGzdQ,59,232
1NPKK-cESck,50,197
0-At1siZSeU,44,173
5bs45lLARQo,39,153
0N6gnIMx31c,45,177
1Y4HWY6DHnU,30,115
53EMnzTjuBY,22,86
62py3LAungw,44,173
0awsWp6ZjH4,47,185
N3i32rhrX-s,25,96
5vVSqVJOqZs,52,206
DhXpK1d8Usg,30,115
0w7pCxwXzVc,47,185
4hFwm8IdhMM,36,142
Ad4MpwnZFdY,44,173
2iYWr8AVq88,45,177
AhEQGP_YPtE,48,189
1ACn3u5UnBw,58,229
-yOoQLNqLo4,47,185
1zhjUyj4avk,23,88
6BYlJtI3UVU,44,173
-MAMeEiIYOo,18,68
-E8XmCE3MWQ,60,237
0Cu33yBwAPg,34,133
BEHaVb_cz44,41,161
M23QcQjkzyQ,44,173
fbJxpi7W9ds,37,145
4B50xtVr8p8,33,129
-uvwqRm-SDA,44,173
--zLzL0sq3M,51,201
wqe7p4y85ls,43,169
-WNELSjjnJc,55,217
JcMSFU-Twgw,46,181
0rdTOvcO4dg,50,198
-oS19KshdlM,46,181
2syCCpacVu0,45,177
1LmbkyOpnEo,38,150
57SINRvDONM,46,181
4vO7r5CrjMk,38,149
2NyoFFQ3whs,30,116
OjCjv481r1Y,54,214
-jMGDLoDR48,50,195
2zdp2IkeD5o,46,181
YHsRnAyxghY,29,111
VyGYjbe6gJU,50,197
56eVenPo7mk,49,193
-PycfoL1-kA,36,141
4WYpjr7te9c,38,149
QbZlxKxp4Dw,11,40
--yJcmmwiMc,57,225
9m_N8G9gcDw,39,153
4Puq8KvOT4c,40,157
5csYYtS7Pck,44,173
06JrdfCNSso,13,50
wlybajwoWlY,40,155
0PxytBLZkZA,43,169
evqeNCR2fuw,32,126
39SFTb7Tl0k,47,185
1V-_jMSJR6A,34,133
1sXaIDCrktk,44,172
5fKs9LMWOjQ,11,40
10Vv0X2_n6Q,19,71
IA8tuc4ckQk,37,145
2Qs9JhRDE2o,21,80
43Okw77UNnY,42,163
1VPLhdQgQyE,12,44
ABSnDN-x45w,56,221
3499ujHv51E,47,185
ZMN2Bs_Cr1A,50,197
0U0eNtkoeW4,60,237
0KunQz2uzQ0,49,193
9eby2AryIXk,46,181
-aJ3yKqs-6Q,39,153
-FO_ycUHLa8,38,149
39i3rrx-vNE,44,173
1DFNOFVNs5g,37,146
51YuGoJmqDg,51,201
-WX0loEwkOQ,42,165
6-IYOaU_jew,52,205
-kIDLwKgUuM,60,237
LTO3mhVLS4g,39,153
qJT2h5uGAC0,44,173
rDb0xQ6m8Oc,25,98
5IkVErHkM8s,37,146
7-KZpSZVSJ4,41,161
0JD2gXm73Sg,46,181
0Bp8c3PfAAA,46,181
6CmqiGDOtmo,31,122
PtXXQg3DpcI,37,145
9FB5p9DERaU,30,117
7QDHCYk0M7s,43,169
2BhimXgNhCY,41,161
3Lt4cNc3row,38,149
-SIR0bMxpzE,25,95
BUD69mnnxvY,50,197
4sjNFkLqF9Q,47,185
1wxDPv-U7XI,43,169
7iPytsz_o4U,51,201
Jhk0I2wZelU,51,201
6w0A1-5O9bI,23,90
4RhYqmuq-k0,38,150
UOUJvfw0ykY,47,185
0vvOUfw6nhg,59,233
0mDXHwytqFk,53,207
8IK0jZICxQw,47,185
40AD_oH9eCU,30,117
2FebVhmmuZo,45,177
-LR6jZzVFHs,45,178
6vl7eSBL-ag,44,174
8NGryMkFJBw,42,165
4tNWjh4s2qQ,48,189
37YQUC1esI0,51,201
7O-gTg6USNA,44,173
OOuEMsqDCZ0,59,234
dL8HIuBPZV4,36,140
6flsoyOnwiw,44,173
5-Q4Hea7MQM,20,78
QS31Gm9tIig,18,67
4OcdWziDQdU,41,161
SObG51xihGc,43,169
54PhWYrDTgw,49,193
2NnGpOjmwGk,30,117
1JeG9jl6VzY,44,173
-1iK6drewCE,41,161
3ytxs7-pW1g,12,46
0jeLcHNUkDk,53,209
3pPSrdjQUO8,40,157
yiax9NZufow,40,157
3TB0dB1r59M,23,87
-IV_bcVQVSw,50,197
5RPDLz_RCbE,36,142
145N68nh4m0,45,177
Gl64LXryFS8,52,205
-QjYRWTAMhM,46,181
qVvAWkoLOz0,43,169
-d-T8Y9-TOg,26,101
IblhEF_MiH8,51,201
2o4-lEtFb2k,32,124
R6qqlyIDHfM,37,145
664vEY61jy0,30,115
AdApRVZ_4ck,45,177
7AMQWyBtKZI,42,163
CtID8dV7BDo,52,205
2TkdxEYOXok,44,173
uRpkjgpWS4Y,42,165
ABH4iCT5Iik,45,177
0gdMrriLgq8,41,161
-Jsy9Ol7wWY,42,165
QI9_LN_qaDo,18,67
89L3vV62UMo,46,180
00Ag326f4gs,46,179
Kl2Sgw2JS60,49,193
eS8Tf1hfwxk,49,193
-qkd62PtuiQ,32,126
0aD_Y0r9yzA,49,191
4SUPgmqKe1s,20,76
73CP5oEYaCw,44,173
epJtFMjV_FI,57,225
l7xsreSdKHE,59,234
89z_iP2SmOI,43,169
1YukDt0W1fc,41,161
3wsgjyRcjL4,41,161
Fz2IQpDClBY,22,85
2ISY5z0QQfc,52,205
3WA7VMa94Lw,42,165
7ybl_nFaDcU,28,110
51nfpGY_AJk,23,87
3DhQmxwJ5f0,31,121
-78SgLvt7_k,59,233
fSEpr4pZviU,43,169
F0vJz3unncE,47,185
526-vt3MvE8,51,201
3tLz5joViQg,42,165
Nc6M6wlsWk8,36,141
1RIFrK6EcfY,35,137
1Oe88CYvot8,56,220
1nOvomBowno,56,221
Rt62-Sh44MU,40,157
0tVgxm9foG0,39,153
0MpeArTdYlQ,41,161
Jo8il_Kg_j8,16,61
0akarudYj8g,46,181
BxwBO7QkroA,48,189
FOwv5kR1e-U,39,153
1HfCdmtv-88,45,177
lSD3pTkOpAw,31,122
4jucrVBcSGI,39,153
HmK1tsbzZYI,27,103
5GXbpFGSZ7I,44,173
0f0sVob1QHU,41,161
fK39zLd_OrM,38,149
09GjN2rVxDw,16,60
3_DBRmy9WTs,48,189
4v1VgwCvm_U,60,237
1k_KQt2gFA0,21,82
-teM3POwI7Q,54,213
4FMSfHqS6AY,54,213
NJHpGHHfqz8,36,141
CQO6w2XV3xY,39,153
7cWBAygFKFQ,52,205
7Z0xn8Q-VqM,42,165
4umEvJi2rRE,32,125
1wLpEP9LUS0,48,189
h6zc38gOkA4,38,149
XjMRcQgnbpQ,36,141
9XZPcrL9l1Q,29,111
4XGdvCISaIY,49,193
5XAof10p7xo,42,165
IQhYdSTNeCo,53,209
4UrYgeJDU80,50,197
7SrjBu-AlUY,46,181
3-kHl1Xvn4U,44,174
AclGjQGnZnY,38,149
6wk2HYEF3WU,21,81
613nU6austA,59,231
WNsMZjWwtp8,38,149
4yBWQ0Z5c1I,52,205
DyzH7KzpIMk,44,171
9nTrvgSkbtU,49,193
gNx6DV8EcF8,42,165
4ViTIFEK5Fo,46,181
0Zk4rGgntXw,44,173
1X4XvMlrOiE,53,209
1K_c7ZSRxCo,37,143
6-FJjggpSoo,21,82
1ieXYD-OKXw,50,195
EwLXxfYFWtQ,25,96
3KHiI6lmAfE,40,157
44zwNmDudfA,39,153
-mpPIrccTjA,40,157
7a-SlB-TV9o,48,189
Mv2PL9hPFTU,41,161
6oZeqwlsaHA,39,153
-lgSmVKN1VY,44,173
ALTKER_NkX0,56,222
4wlHqYATPy8,44,174
gGmWm1i6pVo,45,177
1GJy7Bmh25Q,42,165
1qG53714JsM,53,207
3RptyPgUI2A,52,205
y06Gvf7lbcY,42,165
4z23iPiLZ38,50,197
h0bt5yJe33Y,37,144
FWuiZl6pNfU,41,161
3PJC_-aDhO0,48,189
-OGq-n_9EYA,34,133
Z04Oe_GULao,49,192
5akr7t5rHpQ,47,185
M7kdWvNks4U,56,221
W6iwVLm51-k,47,185
7yESlv5TapY,43,169
-QlgGKvOyqs,45,177
1cOksNEuhTA,50,197
1glYnzwFoRU,15,55
IPYHy8k9Z34,42,165
4OE3Ihh8FzM,43,169
IP-mRByleSc,50,197
EQ91XVsmq-I,44,173
2DmbPAlalPI,12,46
2I623WWf_i0,44,173
-O3L6jx8ISk,18,67
9PAtxXr3dbE,42,165
6peZ0_VU4mI,32,123
86j0U4doiVQ,43,168
3edp1qAhLB0,59,233
1gGuEVUsayQ,51,201
AlqWTkItYzY,49,193
1_8SCnfGN3A,23,88
09o2OwlUCGI,51,201
20wd9ETtTVA,50,195
9bzotS1ow0Q,47,183
AOwwp601QZw,45,177
-Ve4yVCpjDk,46,181
0--nzZoE_Ho,52,205
SUyaiLzdWDk,39,153
lHP0q2sQzPQ,44,173
-V2uLG7pjnc,44,173
ydgZR3Gfi28,47,185
5joY7-fda8I,43,169
5XORCruN6VM,42,165
FmekHi2dLdI,37,145
-XU_IcknTlw,50,197
5F-Hv37Ng8I,53,209
-gjkTeMBks8,24,93
-5dtmOk-Q2Q,54,213
1rrOQgyXs1c,55,215
-iOW_HtK5iM,42,165
-uD_w-t4T2Q,51,201
7Aj04-ca2eg,42,165
asKuYgAcyIk,42,165
Zr0TnoiHJc0,39,153
718fOnw0o5A,46,181
k9s1j5OiXNw,45,177
CrO5TBhKZns,42,165
0MzZxQZVZcU,40,157
6JSG4mGEDO0,41,160
-glYW1o6HHA,51,201
6V61LSZaLac,43,169
1bE7xKuGa3c,49,193
4EBODSgMB7g,48,189
rRzWGIhwWAI,43,169
0QEwBir7h2Q,27,106
5AmPqGS3SCc,39,153
37oZ4phfKYE,42,165
xS0uJ2FiPIQ,45,177
-m5CL6UgYZ4,55,217
4hnz9O-0uQ8,33,129
-HyUH30KfyE,32,125
-Qo6QJo_tJA,45,177
2DHo1HUuQMY,47,185
-V7gqbL91lo,49,193
0dWF5opVEXg,49,193
BQ-dwfQPVtI,44,173
1hF6PX9RX8A,42,165
CF7oaOoQRv4,35,136
fTxaj8RU_gE,43,168
5KLxZUlMtk4,39,153
-_doikqlNSY,46,179
BUREX8aFbMs,44,174
8AVztYoEXkY,45,177
1vLFwNJM2Z4,44,173
3wjxN_w3UMA,44,173
Kqt4BiLQeeI,38,149
2DhB1K8UJqs,43,169
4tsbMQETqQw,40,157
em7akjDUsWk,47,185
K7EITkM8vFI,38,150
8rbRmWmgtR8,26,100
076D8SXLJb8,54,213
-KdBaGgzf4w,31,121
5dcze3HrQ-4,16,59
00ypkSbNDhM,48,189
QQL8691Ft9U,29,111
1ggIItcrUaA,38,149
YzCknBR8gS0,27,104
4jt1iKXSd90,41,161
-Xr7HusAEvY,57,225
-zbf7k3mqo8,54,212
8x3nEy2j4QI,32,125
a7cRojOdljw,43,169
2c5VU69225M,46,181
BPGg2wCtGgg,52,205
2U6RTywadx0,43,169
f1Z-HuZ-_ZA,50,197
O15hBKDfG1k,35,137
08AIDeqC0fU,42,165
4vffW7-5-j8,41,161
-hUmir8zn7I,28,108
3yXCtpvjz6E,56,222
1VmptPRg4Qk,47,184
0NZV5tZWgP8,46,181
00gxEsWO4mo,39,153
3m7qEYjfp8A,49,191
YsUCzO0gfro,49,193
1x1D95sfsL0,49,193
5kbx02R8_Lg,45,177
6J1Ga0PoYjE,40,157
3Glt9M8l_OA,43,169
Z2LG4gxn_j4,33,129
pOvO5y-p550,34,134
06_sxs4pAkk,49,193
0OZtca8x5o8,14,53
4fS56fYQ070,43,169
BcynOvIyeg4,42,165
2EJS3y3xQjo,17,66
2zSVPoRn-1o,41,161
A8gbOIvxvMA,41,161
ffZWb54oJH4,40,157
-r2-9oyIzkQ,41,161
W6xQf653Qjs,51,201
-Lv1Q_JRwxU,47,185
6KCkZKnsaYw,32,125
5DQ2FaKVTPU,16,59
4CkxO74k-f8,27,104
FfEwz4X5-nQ,50,197
-zc7JHqJjBk,39,153
2le67O_xjdQ,43,169
0gB3liqZO3Y,50,197
8BRimZu4iPM,59,231
-gAdsxNqu3U,59,231
272uTW6L71s,57,224
el4qyJFJmbI,41,161
U303_cFkECU,31,122
Xp-u8qRkJZA,44,173
0-8zKZWijP0,32,125
AUX5cxr6fDs,23,90
_0wHh71CvWk,28,109
-OuLM2izvUM,60,237
85ZPgy6Ffxg,47,185
EMqAXt_l8Hc,39,151
g3eW5ca-DKw,42,165
0XWzv1pLYl8,36,140
2E5zIj77AEk,40,157
WGqz-OVwLGs,38,149
3_yRF1oZXh0,42,165
4x63RiNjq8Y,47,185
-COelgvUEW4,25,98
-msC_WOqyFY,13,50
0Dsj7uXhs-8,36,141
-ZMAmXHkEOc,44,173
-PKwMUgKYGw,38,149
-McJLXNN3-o,54,212
2R42r_EOzek,56,222
55TvaNVBO8Q,51,199
29ajok5B6xU,51,201
KivU5_ghnTM,33,129
2BaxsC97tzI,55,216
uWxJmWuYLKY,47,185
1ZwVoNUvaAE,49,193
finB1G4B-Ic,31,120
-hZbdQuRUw0,51,201
LsBCiA7jkHI,40,157
3N8-NYyyEX4,42,165
5avkkKA7lt4,48,189
2BbeikdJbGI,43,169
0DIJeyCA0sg,45,177
BaBNjfuhtM0,43,169
30x4aq1KIYc,45,177
BT6_F86gXf8,23,89
4Om_IiiZELI,56,221
-OtbfS_JWn4,60,237
7Z9B2eA80RU,26,100
2QvTL9VZFX0,13,47
49wP_Zmqkyc,43,169
02ucP56CqO0,48,189
534-Tg2cSto,51,202
A2SDfo7iyno,20,78
4KYJA16aswI,52,205
-7cMtsWTtnQ,32,125
8FXKPQnbX4k,32,125
K80eaAw6idw,37,143
34nb4_NIs_4,23,88
OwAUGABGrqk,42,165
8aaN7sSloU8,47,185
9777M4Q4sRE,43,169
25Yt9pqElKo,27,103
WJLbFJxe11o,59,233
3A94mE0xjDk,38,149
0-6AL5yJbrc,37,145
42QgE4mM55I,53,207
-2TjevpJuAs,38,149
-xmIY63Avd0,45,177
5bnnqQYFVws,41,161
-cHPbRAoSkU,22,83
037DWX1X_L4,29,112
3FOH39atqg4,11,41
2-5MymPLWhA,45,177
-CJGj3-kNQY,44,171
6sHQYwNKJzU,33,129
0fyutS3FMb4,50,197
41NAWwmED6A,48,189
-6EzbBAmvjA,60,237
G5uM_9n3Ok8,44,173
1BgsmndYANA,36,142
5ITTVUzv7rw,42,165
1bSnGCuqF9w,42,165
2HwBdVpuwdE,55,217
74wtHTys7hA,48,189
6KqOZBDQRd0,39,152
09qDi4Auiyo,43,169
07EilTzev6A,43,169
5_aRF2s3e30,35,135
0ZOA0j5LnWc,40,157
-hhnpLxJsfI,45,177
4lXclEZcAlU,50,197
1mpJ7c5zGHw,40,157
gPy2DHHnlqQ,50,197
DUAGfqb3UvY,50,197
2MPr2F3gsSI,49,193
ogM-3LkiFAw,34,133
06dCAQutFeI,48,189
jcisT15Gn7A,37,145
5OkDBujQYy8,58,228
8DrH-QredaQ,16,61
-4ItJ9yTz_c,30,116
9hPRtAe--ys,49,193
rXHHLtG_iGQ,46,181
1bjZQVkbOdY,50,197
-10VmSN3WzE,51,201
7n5X5_1UfT4,28,108
1A7P_6chcKw,42,165
garZ8KkuBds,31,120
4_QWQOi9gCo,38,149
CMzlxMzoQJE,43,169
2RBhvoqWPeY,38,149
3AideIcmGwQ,40,157
8cUA1MaY3H4,46,181
MavK0Rhz8Ks,40,157
SMw-s0vINYM,39,153
cQkm8fG9dbA,18,70
2OHgMu9JtYI,51,201
2Fdau5KTEls,40,157
DC2q5iyvKFM,58,227
PRbLDDyX2mk,20,76
1xg5haxzjFQ,46,179
Ah8jT_32s8g,49,193
4STGms-Uyuo,47,184
2FaEyGOJwG8,54,213
2KY7dsj8yhM,43,169
0vzXmMYDC84,53,209
04m_7jCGHko,45,176
8eyCqtGZMI4,32,126
A-2GqiISmas,49,193
1LGQTDYPFeQ,48,189
BKg-ou7mnX8,50,197
Dbo9tI1f2mo,51,201
-wVn0u1T9SY,13,49
WcLoN9B4Zt4,42,165
2ydyFLjN77s,52,205
7Qh82bCnZ1Y,46,180
C1f5QV6Sef0,49,193
2ZNKLUHeJtg,48,189
18cMmp-Yklo,48,189
kLtAyepYMZ4,60,236
LH08k5Kf4AI,51,200
1l3G-vAo8cQ,43,169
5L7tJ2sdnqU,46,181
-4cdRRPG3Wg,45,177
6DJctc3uLVI,41,162
-UHM1NygnS0,43,169
-_sjOcNkJns,37,146
W5iSTBNPkng,51,200
VMbJTgzMhKE,36,141
1BkHCsfaduk,46,181
XO096Hx7wjc,43,169
7O-oxrTMYxA,15,56
5Fppoe0xrCc,27,104
1nS0nBG-GJw,44,173
-uGNLw30__A,42,165
36J2NZsDzEM,58,230
Dv7T_V-7ERg,42,165
0Mzdxr6F58I,46,181
1X-0X1gbZvM,50,197
1tF9e0WBClA,40,157
Guwl5G6Wr4Y,40,157
1ag_IA2r_Ig,49,193
-1BLaahvBSM,60,237
E1cKPUWHa8I,25,95
AN1nBeSm-DQ,38,149
4kAoBqK-pFI,55,217
-rIH111gwEI,15,57
9NcxNH75ByE,49,193
8JJK83vCl6o,41,161
3v4rhnuyUfU,48,189
1tZNMk50ssU,37,144
6-_yXp8phh4,44,173
5__UnpOFMZo,17,65
51bELr8gTAs,43,169
9xyTMi1oby4,50,197
OBAaK0pxdW0,60,237
2VBfBOd7t-A,35,134
3F3CY6k6mVI,34,134
-lyPnABQhCI,46,181
ghOfjHwwA-o,44,173
2Szah76TMgo,13,47
o_ruuyYruBU,35,138
-b2QI8UA2ic,39,152
AoSn89Wt6pE,39,153
6UgDdOh--W4,48,189
1FNk-noM7oQ,60,237
8WYwlB7KNvk,11,42
3mCWARDySc8,16,60
1VA1HlxgKm4,29,111
7P7KZVJG-VU,44,173
dpURejDIKn8,15,56
D6_SzL2frfE,51,201
HFIN3vwxeBU,50,197
5RaWTl5j-1k,51,201
UYGeHuFiUKY,43,169
Auh-B3iYN6o,40,157
-XVu2GZypIY,30,117
0v7tlKlPswI,37,144
0wt8nWs1fTE,47,185
9W5uf8pLmII,46,181
Chi9u8htrm4,45,177
-UJJsEdgqMQ,20,77
6qd9k3G83fc,49,192
5HuigwGbFbo,42,165
4_okKooAHhs,41,161
0JK6flOJBE8,50,197
4mX-FX8A9uQ,49,193
eqgRyEINfKM,48,189
Ao0n1cqfFDw,46,181
47nXNIHZMOE,47,185
FOid23PpHKQ,50,197
-WbYC9rEQN0,52,205
BschKmTilLA,46,181
2nSG3hOCvgQ,36,141
3d7rmZ09E5I,25,96
P5F3YrbVe1M,51,201
4B4UAW1jEnU,50,197
E4duB2A-ces,40,157
0QX2QWOfMk4,43,169
-BZD5cNDyNc,27,105
2bYyywE97aA,42,163
1hy9U0XJnvs,52,206
-VIDhMaXaSA,51,201
qMbGFWz9who,31,119
-vaqOm3RzII,47,185
3MOdK7QISdY,32,125
7AvroBddA1Y,46,181
-q0W7yXJ6oE,50,197
0sY7DgRSwwo,54,214
99svXsD3vFc,45,177
1lzJ4_qfZ9M,42,165
9M3TlXlVdKI,42,165
lXUcalwkWCo,28,107
Ey6ulciy5hs,36,140
xVUw-8T6JbE,35,137
1NTsWn1Gir4,54,211
1nE3qT4wSl4,13,51
72q2BuBnMGQ,55,215
5xOhn5QpvdE,44,174
8dLJoI9VSaM,37,145
-aUbQi149eE,47,185
3qIzU14NNaY,31,121
3JR4p1m4aDE,56,221
69oU6LfyQ_4,40,157
2dNEVAF3X2E,45,177
32HqOIGZ-oY,37,145
4Qqd17qaVIU,46,181
0JqfXHgDqVc,60,237
HEgEQ8Z3n0w,41,161
4QRxJKgGUHM,33,129
3DO6o12iY-8,40,157
2lzi4wnKJT0,58,228
4SDbvMqY20k,51,201
2cWM497pH-E,38,147
2SBiK81rrZI,47,185
hBrcjmbJq0k,47,185
3bUc3I5563Q,51,201
Dc36_usYRQw,49,193
PlD_3nBXmdM,40,157
2DeWsERzaSY,53,209
7RxjqWvSxss,48,189
63puvoKyV3Y,24,91
DgRmNzKRqbE,40,157
-OffILgY7Y4,54,213
HYojEoDJiQc,36,141
3vWNxg-HE-c,52,204
3tMt0AbZKMs,43,169
BbNHWQrTu2o,49,191
CEWnNoK8LVQ,53,209
2RkEX2ZYQkY,39,151
0_RiXhTYRp4,38,149
2ejP5DGhNhI,48,189
1ZhtOjwuNpc,41,161
okJ-HfG41YQ,53,209
5aeS5YhLLaw,42,165
00ay4DMxod8,60,237
Zl29n4sL8_A,48,190
BNermhLzCLs,47,185
27LvpNxr1Wo,54,213
077TGAORyz4,41,160
2tcC3sMhjBA,37,144
uBaRlBqQj3A,43,169
10xYoGvLePM,48,189
-hqM85LZw7c,43,168
5NyPGl178o0,41,161
qwI32Si0ipE,43,169
6wSiBLDOoI8,58,230
8Z94L7ZOBCQ,56,221
Rb_zjtWTt0Q,43,169
QXjaLCotbpY,18,70
UUjSLYdRfb8,42,167
hyS-GhmE43g,44,173
BVBMhzvNWqo,11,40
lu52106QS6E,39,152
A8x3HI1EMEY,25,96
0HD2X309dlw,46,181
7tjjOexHSnY,45,177
4VMy_t0usWk,15,57
2H0kdvHL4MA,53,209
5Xgn3kh6V0Q,56,219
-b6XHgcTzDs,45,177
8v-ocuI2vE4,32,126
382gQeIJZzc,21,79
-91lUg0_Gl8,25,98
07-xP_bWoDY,39,153
BslzZEEwFa8,43,169
eosvNU2eucs,41,161
9xgcRZ8B2iI,47,185
54wPGR5TLPs,26,102
4XLoFz6fGng,36,141
ummWnVruKG0,59,233
AUMgUSlQ3WA,31,123
0FrYkfYcUbA,19,74
99DwikhJpcg,51,202
-9ywcjOQsFc,46,181
7TqvFjMf97c,26,99
hgiPphyUS7I,49,193
cIDVqtnnsvA,41,161
cReLETAjLHI,42,165
4-SZ0BRns30,23,90
5eeeaEObtCA,40,157
3k6tn3xFJs0,44,173
0_T4Z_KuWGM,50,197
1PAL-a2MnQk,48,189
55R9x4FWuAc,20,75
8wfOa72miuc,37,145
5daVEo1CWnY,45,176
7tVmj7Ils8M,56,219
6RDnl3NFgsY,60,237
4Gvq1iyPSLI,54,212
-h6CjnvTz0E,39,153
Ozx7yHe0qPE,40,157
4gLGlF8-Kcg,57,223
56Z2jF5H0sI,59,234
-8JBa54NFpU,44,173
H809sj6TTI0,58,230
00_do2b96M8,42,165
0cVxX7se82g,39,153
3_t3g8uImYA,56,219
Ss-NO6IztXY,48,189
n6gypCsGbyE,48,189
0vFPs6XsU_Q,42,165
-AFGfu5zOzQ,48,189
3jfDmY9hqqE,41,161
4l5x4uyu-uE,42,165
lWG8SRZKUhk,51,201
2Aq5I6Fz368,35,137
6bBQ3pd0YU8,49,193
09pZj6CEvRw,41,161
6c3o9seWMXk,57,225
47UAQMyMLEw,52,205
14jtUoyUxyQ,46,181
-0WZoijgWto,48,189
3-TY1efS5X0,38,149
05teB0FNOnE,42,165
4DQs5dW1PEM,30,115
-UvqdPUERuU,39,153
9_L9CXHPd9M,32,125
5bBG5sEmpYY,17,64
7p1Q3_2jZbo,45,177
-O_i9m2l_gA,40,157
I3OYmetiXqA,54,213
3qUbjqwGIx8,53,209
gIODEFkvjTA,43,169
shRNXFTbd6M,42,165
-iNvaCbzWeg,43,169
72fUt6hvcs0,42,165
1eY4SDnlWmo,50,195
6kfdLP8Sd50,43,169
-8TFeaZyPcQ,57,225
1ksINuMyHV4,42,166
1knLa6WelnA,41,161
DrlmLvPFdg8,37,145
470xac8EMEA,47,185
6w7eIIP5QLw,31,120
-tkFrycD5U0,41,161
511xID91gOM,49,193
NvN2PoU3Pzs,46,181
JXmpEFLhr9E,38,149
OMcoFfaCaGM,45,177
1MgcrYdYas0,36,141
1eGugomDwrI,40,157
0MS7NFIs76c,45,177
6-yLLif77Kw,41,161
2mbahZqynTI,51,201
PuvTDLP8lwM,53,209
351rtcx9S2Y,34,133
0qRVoHpmU5c,53,209
-5NxigJHFJg,38,149
046zw4vnsZ0,60,237
csIyth6AfgQ,14,51
4epl0cI2-Ew,53,207
A41u2lzc4vw,39,153
CuS-ok0xG9g,37,145
Kqw--nmhaRw,50,197
3tvkXsXU70E,17,66
2fCC4BkdMT0,40,157
2erACT9n-B4,20,77
1PPn02f5M2U,12,46
6p28dgDY7YE,28,107
494DpdwkO-I,28,107
mhZMQF-y8n0,52,205
3L_JXmdVGcA,41,161
5iiN0qGwcpc,44,173
LUglEMUgvZg,47,185
2TnIHG3wiko,58,228
5zoy-_Z6B_g,51,201
7iN0A9AsWhE,54,213
K8BC9e4Bspg,43,169
04IUHjj3lpA,48,189
EEYq23Tg8Og,37,145
n7-lKjrJFA0,40,157
IoaLYFNwUdc,44,173
1XdIchC_4Cc,56,222
617zgCYbopo,51,199
6_zfIYVjhf0,46,181
MKQWCVr4q8g,22,85
9u-m7Vx__h8,51,201
5GFgTHtvpmw,23,88
-MqBuNdwrsk,60,237
2Aq5VzHoRws,34,133
PSt_gdjwmvY,49,193
2fpbDwf37vg,53,209
6kEEmWamSKU,37,145
9ZYj5toEbGA,11,38
4YDIpW8APhg,53,207
hKcSZfv9gms,38,149
3-vsnQ2AAXE,48,189
06scpqQPjBA,45,177
95GrvBKzDQo,42,165
31pTM_NQ_pk,48,189
QYScRawvUGo,46,179
9FOxcwocgJA,47,185
10MRxp2q8R4,54,213
-BnVmMjp0d4,42,165
-LzsgrGPV6o,49,193
5incSSp9mQI,40,157
AT0c2TaLH68,39,153
dC1TVxwiitc,44,173
-6VFTlZsft4,60,237
BNfclSQ7ZKk,44,173
Wj5qDj8_nSw,51,201
suW6cUpVbJk,48,189
VzrRMzQIt4I,44,171
-qVTX-LXnvQ,50,197
pXGuj0q9ai0,47,185
-LDgcP_DZP0,35,137
GqRb1UVAuXQ,49,193
BkxtL5dZzOo,54,212
7fRaV39Y-2o,39,153
FIsc4nmZv34,43,168
7hDVdQmyfUw,39,153
5TWL_hGlwyg,44,173
C8Y15Ltp1jE,49,193
2ahksspKhaY,40,157
EN_fOMt-IVE,39,153
DKN30Bwf_HQ,39,153
xvuvBU9es1Y,29,114
1_kjX_9H0N8,53,209
0rhb_K228gA,37,147
4V2Di-aFZIw,45,177
gAMYDubd8qU,14,51
-Aqjx8NLZuU,48,189
0CY2rtsjgkE,41,161
7pqRqXjqeX4,43,169
rRvtQ18RBH8,13,47
CSWQUunh5jI,23,90
NvzT72qSSIE,43,169
hkWcUtga1lw,39,153
4EKVllBav_s,24,91
fWLjGFgL-2Q,34,131
--L3BCCcGEw,41,162
6JoF6AUx_5Y,38,149
5GUTCDIP02U,40,156
F_T1cIppLjI,50,197
fc9x20wj8ss,46,182
5PEg-DBfJFA,47,186
DR66Fj-Yz10,52,205
2iJxfPLfn1A,36,141
_A30xsFBMXA,47,185
5qVc9y3TNnY,60,237
a_xgmS6wZKo,32,123
LmtTU7Ihc4M,39,154
Adfrf34KRDM,46,181
-R2JRLt3xjc,36,141
SVvXfuS5eyY,54,212
5KQ0OV2b12Q,50,197
RWlJ1MDT--8,38,149
nMUUYby3ZQQ,45,177
-hdM5wMKo7M,49,193
hidrmMfy49s,60,236
0N0H2HyuUNA,60,237
51E8k7zsIXI,40,157
7n6KX_nYa3E,46,180
4PyNfjtaQLY,11,41
Ky8aKwI522Q,60,237
1woaZGPrY9g,11,41
-KMUiLryxhk,46,181
-rhU5QXz7cg,41,161
cLI_xxNdmjU,42,165
-bxu7eXtSaE,40,157
-kGxLMDATu0,29,113
GU7mq8uZgJo,39,153
6hT3HOFvDBI,41,161
Ebl4NBkvH8Q,10,38
7E6S00599PQ,42,165
5ZE_2iDgNBw,48,189
0N7a8BU5aPI,46,181
3aa_IompBhA,34,132
J5_m9Ee6A6M,47,185
PN9EuYoUZig,45,177
MTkvHwqj9v4,43,169
1p3NSKpuJDs,60,237
2sC8XYyM4xs,52,206
0o0q7B9O-Qs,14,51
5M5sl9FzE0Q,41,161
-grrFz0HeME,50,197
h1HgO5pza24,45,177
8_tmfIIDeSA,60,235
-gjL5nngqDs,48,189
-YH1Oig7K4k,56,219
-NT3upNNQU8,53,209
W2Q3cVvu5fU,37,145
1wrfS5PHbKE,56,221
1PQEMRY4GDk,60,235
3QvaRqVWZo8,53,209
Glz9M145Xyc,46,181
4aswkcyTZ9c,49,192
GIWJpC_OW1E,33,127
052s5vlSKn0,48,189
5nD0IZutR4o,52,205
4QOA8J6vF0Y,44,172
50btuV9sY60,46,181
-VZ3LiN_qIs,51,200
7mcrZwM1t_Q,43,169
-gk3LALyrZg,23,87
KcD5R2atk1Y,41,161
1Q07ExaneBM,40,157
0kfutE03ES4,60,237
3p3A4QDXw-g,41,161
0aoLIWegrdE,57,225
Moru2uzLB6I,50,197
7Urn3ub5_6g,41,161
C4YMjmJ7tt4,44,173
UEMmf_0mKF8,36,141
c7xtFAL66Zg,49,193
ZB_EdZiPmdA,50,197
6VD4DtNDiKs,44,173
3MQPdxUZYWc,11,42
B6HTXHpyfU4,43,169
1oYCRq19KFg,50,197
4-J6DHLe6TM,54,213
IzZFPvqT1_s,32,125
01vy5cEZvbw,17,65
00pATAvDGFc,53,208
yq0Z6vNLG04,50,197
D2dv57CpT-s,33,129
Q19VErS2iH4,47,185
2vrsJv2HH-E,46,181
uFfjq0JGXcI,43,168
23cPVkdIzLQ,43,169
-lZXdiEghz0,51,201
2yelTWUeVOI,10,38
ao-TFiShaWU,46,181
1pv2QBbmSAA,46,182
4v4BR80DLhQ,52,205
I0S0uy8HgaE,59,231
2N12kfD63bQ,50,197
_bkX5VkZg8U,51,201
7vl23LKA6I8,40,155
-9GhPxGkpio,36,139
CIAd34BDDHg,45,175
1KhahKUdqfU,39,153
6NRZnRu3z5Q,48,189
EqXBKB486fY,28,108
CsDG-DqsXfA,53,209
3-73oI3hZrU,46,181
-LGTb-xyjzA,20,77
366PkocrdNE,53,207
-lknq4-Dcpo,43,169
1WvGlDdS-gU,37,145
1MPwoS-R83A,46,181
24-F9DdJGf4,42,165
30D1aU785Gg,48,189
DKP-wW1YaPM,46,181
15SMY7VasG0,53,209
1rJWW_KqeAw,37,145
0XxinBtKouQ,39,153
_ZC6yk5iE1I,53,208
0AAv0H5AdIc,18,68
4XLeyN9eLhQ,37,145
3MYL6R2wz6M,45,177
yZNgqVInQGw,48,187
0SPkixBmVJ0,48,189
OK8hRFGOtog,40,155
bL8FmtShiMw,37,145
59D-77SoqAw,30,116
Fe2qg0G74do,51,201
4g9l9Po2J70,42,165
6ahMc8SInjY,45,177
4TSUsNphq-U,54,213
1GS26LFpoJg,21,80
58G0gYJfZ4I,38,149
6pOQYBuYgqQ,46,181
0czHxjcnFXc,41,161
3KwxaHZD2yU,28,109
1n7amzH3-1E,48,190
4zciMA4sFQY,50,197
OPDPzxXvvPE,49,193
38h1uuRACso,48,189
5ogQ88sOAkA,44,173
-sF7NaTEIQo,37,145
1plsefHccZ8,23,87
AMecbiQwThg,24,93
GmRDBdHwtdw,51,201
-zNFhsPBWUM,43,169
fQRh2QW5RX8,45,177
ixrRVADA0Jk,60,237
3aylTZwTnfg,41,161
Y8JWmw7VjtI,49,193
-MUg-WH0Ivk,35,137
7b5VMyyIweM,22,85
-AuO9_k75a0,45,177
uRyLEBGX5ag,46,170
16Nw5RrGPCU,42,166
2Bx5e9vwLGk,45,177
TYYUzXPwsQo,52,205
1qinXsGqxEY,44,173
2dbSSa7bG9I,41,161
-mWNA1C7Lr8,35,137
4Yt7hmubn58,43,169
Ergjh8YR0OM,40,157
1YQgJ02fBf8,39,153
1OTaswv9WyU,36,141
8g__hbfAIlw,52,206
Arah6WF7OPM,53,210
41cvdBUgffM,22,86
-98xVRFaWGs,48,189
-xnF1vAGox8,46,181
2y2Pi0A-Yxo,37,145
RSPZSkLWsH4,49,193
7zFXPaUjSEQ,15,56
0bUDOHUzdEw,49,193
0yaRfL3Eplo,38,147
FVpLUGcFLTY,39,153
A1E-agNyE2U,40,157
2OD2VW5qPDQ,38,149
3DMWwehJT4M,48,189
5VIZ5B4bYRo,25,96
03tSu6C05CI,49,193
1Thc5d7Rvro,18,69
2psN-G_GGcw,36,141
dKYGsFiI8fA,45,177
0xgjlup2KBI,53,208
3cDdvf3_-Vs,49,193
FmpWIi0pt7o,39,153
3W-slsHh8IY,44,173
3X6Q7cGoOmo,46,181
14arb9s1SlQ,36,140
3R-cAZGb1uE,47,185
7cwHASK_iXk,44,173
j8vekQPmE4E,41,161
6zuGk80VS6k,34,132
0YnHY_OQRDU,51,201
7ckQPHWUpvc,43,169
AAtuZS27eks,18,70
0hF33RlhSl8,47,185
7J5RsjsfDrM,40,157
5jQIuYPAODg,44,172
6eliANcZdkw,49,193
7wT2AlqpRGs,51,199
F3-_b8WfcuE,37,145
75VpWvcmMec,57,225
He9_MdIqh5M,35,137
-ixUrPNPogg,28,109
nG8nq9UVWX8,39,153
-zXMaF1pAgo,41,161
-B-2EtfKVlo,43,169
F9ndnnM3Sis,52,205
-Ls9TLd17DY,60,237
CAPUOUhLK-E,41,161
6am7EfWOy80,39,153
4CKQdo1ppjs,59,233
-svl89zIevs,45,177
2saVQ0sDK_E,44,173
0BDGdUr1N6Y,40,157
VpULurBxpcI,50,197
1uCzQCdCC1U,47,185
PrNcgd-VR4k,28,109
-N0qJZkizOw,60,237
2TX0Z3-L7cc,11,39
5HkTArPiX8E,42,165
4gyda6wcww0,59,233
4jmv1XpnR90,60,237
-PMlBj8IuDA,60,237
-w-FX-ijMYE,42,165
D7cJVCMB7u8,48,189
-URzO1H3bs8,49,193
8nU1aVscJec,42,164
0JV0DRECUHY,37,146
5nCizBYvi8s,39,153
5IVsz3ainMg,49,193
-DH8ConSkE8,42,163
1EziuZrqP1U,30,116
2ziL2LBJt9Q,37,145
9F_JDLdDOTE,36,141
-6khcuB2d5U,60,237
7a5jn7UIZhg,44,173
-pNj_tY2pVc,46,181
cGUhG5PZp0A,60,237
1HYYnv8Giew,14,55
2heOTzDD0oU,44,173
DqQT03hOLA4,51,201
jaI41fTAM54,52,205
6ai-qaxRpDY,44,173
03wdFCvjgyk,48,189
gpIWcn9yiXg,45,177
-P6FjBPWv90,50,197
78iDwLevuKg,41,161
Q6rij_svhuc,51,201
5A9rQUuJgBU,15,55
1Edjfqu5vgs,49,193
0wX2bwUELps,54,213
6_C0umm5KR0,43,169
2oZyW78_-PY,42,165
CZpF7Cs6G94,40,155
EQzkiFF2tEg,35,137
7E3FQsTvSF4,39,153
1vW7e1TXwT4,48,189
eRwMZZD-n7o,45,177
2JIQ5CHGhn8,38,149
1sgU4o7y58o,43,169
8AYXpxT4jcs,51,201
9ZCHzzCh5nk,47,185
5WA2CPlH5OQ,46,181
3VTBwWeTxYM,45,175
W9QrPtfD72Y,18,69
1_Q80fDGLRM,19,74
8alMXBLWmNE,54,213
0kTHgSzQkfw,40,157
T-zswLppvNk,54,214
95Bn1R4Mm3g,51,201
4riITyWBB4A,45,177
4ApkJFVaItw,40,157
xyhPnOGNwVU,57,224
2VbXrbj2pzg,43,169
PuNLqr0oZeo,60,237
1SIfjAFalqQ,41,161
-whMt_RFYCg,48,189
C0j69NCIKfw,52,205
3-_U4EUYOj4,43,169
aHAgeOx1cBM,20,75
BR3U7WaCP-4,42,164
1oPiseY5V7k,31,121
4DIye42_0nQ,37,145
0ZFhnbWBX2s,47,185
BPaeXNtLMvA,44,173
8Lo8sTCdz-w,34,133
-0NxpZlO348,60,237
ELmcymPeitI,50,196
3la2-1FOBHQ,50,197
PEABLpVs3gg,49,193
ENX0totqysA,50,197
9wkqAPrhVmM,21,81
9_eXYyA8N18,46,181
-z-opcAwAhA,45,177
J6WBMKjh9KI,42,164
iAK8xAOUob8,51,201
kYV-JxDfdYM,55,217
8-6k5CX6wIQ,38,149
5V06vMjF1Ws,40,157
W1nb2hIeDKc,50,196
AQnphc6qeNs,51,199
58a38WSvNIo,25,95
0Ae0TjgPERk,60,237
3QjoihWyxFE,20,75
iyroRIRrXUw,59,233
5lyszxMsT20,37,145
5IbCejTVKNw,42,165
6sPXX8hTY1c,44,173
-FcB1UrcL0E,46,181
74VQWcrpNds,56,222
0OQv6lO50nY,46,181
1bg9tK5KaY4,54,212
3WVakre4zVo,41,161
7kXDksjzHj4,50,198
Ak6R1APC2Zg,51,201
8DUBvc8YQng,30,118
3Rgjs_ttdxs,47,185
6tn0G9S6QWY,45,177
-uKCpJHTwZ8,41,161
4BKfn2mv6ag,42,165
2YXKdagWlbg,47,185
lj7hzmz19-M,42,165
68RG3FL2g78,32,126
9eUl4gF0ED4,60,237
142TlfBU5PY,39,153
9WpFtVL_tqc,41,161
6JwAvXbxOrk,32,124
24tWz7gmngI,36,141
2zpLE6Cnm1U,49,193
O-VVb8Ag49g,40,157
_p2dP1Jfi7o,49,192
xN-nKHyKx3E,47,185
E6tdua70y5E,58,229
7HximW-9h9Q,46,181
0g_-KI5NZ-E,56,220
ZlIOKvEp1so,16,62
5Lmjq9Drcok,46,181
1bxni3UZ6mk,48,187
BzcOUlROXVo,37,145
68mqFek_y7U,36,139
56FMrkKJ96k,46,181
JYVaKRoLiK8,46,181
HxQgKit-huA,47,185
-3f9zdKh7Oc,39,153
0CVnbmuZcbs,42,165
CoXP3bLXLyM,46,180
1cQHf-TeETQ,54,211
0qC99Z0YeMY,43,169
4AIWnfIvjqE,54,212
2w7o1yAG0tM,54,213
57LdA4KcHtU,47,185
G2KruS9nW70,47,185
09S4On2TfGw,44,173
kX4-OMWCdCc,47,185
GWTZtu3NOCc,42,165
B-60jGEds7M,48,189
2CoR0Dl_YOA,48,189
H8L51uh_dkI,46,181
6wRJg4fbELE,49,193
6ySJtrDjp8w,48,189
8ScHkS_cqk4,40,157
-8vaqkzAcxM,44,173
BeeOHLPoJlg,45,177
ngFwhl4x7YM,16,62
BXWWHXp00ls,28,109
2f7NnTVQzR0,14,53
1fDpeM4ms_s,21,82
9JBG-Wi1gUQ,45,177
4KVKMrMs9eg,47,185
-Lh900sOUwI,54,213
GgbiMSIr4bw,37,144
08A9CKS5GNA,41,161
0BjaYl_jm5c,57,223
460HRb6hRIQ,40,157
BUSFTmkQTvw,37,145
rLDm254jtZA,35,137
2kNgKBYd41U,44,173
6NQUHjeWiEI,43,169
75ga2serFYE,39,153
noH950QMOLg,41,161
5vlTEA_lCa0,60,237
8K7OiwKgR08,38,149
-Yz04GDPqR4,37,144
1cxUWZgFwWk,48,189
BeUj_oXkUXg,46,181
0bQYnfj_Mk0,44,173
06EXwqyYls0,15,55
2jCkNdoSQ8E,27,104
96iE9WI9E_s,38,147
ZhjKBIOAknY,47,185
-9WhMNFBJpY,50,197
BH5r7tlPkiQ,25,96
Krasofv8pvM,42,165
26fwubrQ2qc,41,161
RnvPU-pv3VI,45,175
DEqdX5GtXPU,51,199
6sQnZuxAAN0,47,185
1mqE5FhYbDY,37,144
4JFDNDkYIeY,12,45
crS5cwurdfY,52,205
2G4lyzAZ1vk,60,237
3uHd7_jU2gE,41,162
3ERVo-HaKuA,44,173
2phhgFa4fG8,43,169
KAuDaNz_u38,26,99
2846YdQNh0s,38,149
UbPJ8MIGZNA,31,121
-A4WdJoJe7c,41,161
0538eZQa3hc,34,131
35r9Zwy0XX0,49,193
5PTIdvTDCgY,40,157
76ilqsui5Xw,39,153
jVG2woyJ5Eg,38,150
0cie68Qbzd4,35,137
KxLMzuKzpOM,53,209
0iFLrHercZU,44,173
326ShXeEi4o,48,189
-jZav58HEOw,40,156
7mwueVAjGIM,48,189
4v1HX8V90iU,45,177
2dQzoS6Usew,20,77
V2OjPsg7ydY,37,145
1uOjpHBKZ0Q,17,63
GHpBiaNjHJ0,44,171
2ka4jTyw6Zo,45,177
5ryrOVOdPdk,45,177
76F-K-7HUXE,39,154
5zYoE0OzoBU,48,189
ljQ1uYYhtxM,37,145
ALVS3Q_jNaU,49,193
WsnX97KzCFI,44,173
4hijHihnKzY,52,205
4qb-DnfGCD8,47,185
-Cta7QVe1hk,60,237
4l6IYZU8ZKI,47,185
-zaNAIhpfX0,40,157
4p-dncxh1Hw,10,37
1ohS6UvFVBw,47,185
4EZry32QHno,50,197
1aPg2P5ynlE,49,193
-llO0z4Va50,43,169
8gfvvkQIl1M,52,205
4SHm6lbVxic,49,191
0vtn8NhofOw,45,177
-Z5EdwWjdwg,47,186
2jzuDbipGa0,48,189
2S5nRkhDT9M,18,69
0_LWz68l138,41,161
8N_WAYjlgck,41,161
2__VywfLB_U,32,124
2PIoh4zSMUM,40,157
mEslZvugQCc,60,237
6a1QkIvhNAk,52,205
-rKfz35NgHk,39,153
9iq9LBSOJIo,51,201
4HsobupsnCQ,28,108
TGQkx3PSOKA,36,141
A7pW5W-4snM,34,133
0r6cwi-0SWs,32,125
-lcQmiz75XE,60,237
4wlixgIurOU,38,149
Zv65oGwauxs,32,125
2WIlj-NL6Hc,27,106
FF2bhR7s3VY,44,173
4puCHQH9GO8,50,198
051fzR7DDRA,53,209
0QHxl_qa77U,46,181
71kUmuq5DCM,58,229
EFdgfTqdF3Y,60,237
9S4-bVB6v0Q,35,138
0ml4dIfcnKg,48,189
2P-faHJs-1g,36,142
61OKQSrYwW0,24,92
Evh-bm79BgQ,44,173
CtjOyMSiAqI,46,180
0CaA0wAIbKc,36,141
qbRW_aw9KMk,51,201
tFhWe7lscQw,43,169
HIQ63_WoKwg,48,189
08wwSkZ-Jsk,39,153
-Gt_QuXr_NQ,46,181
0y39dlBB8Tc,38,149
7_Z_5kT-V80,16,59
--HuBNHXu9I,60,237
6grQbsv7IMY,42,165
8gksMh1rMFo,58,228
2C4P_aYRC0o,31,119
5_FAVPGAn3A,46,181
2Mal_mf_Ax8,41,161
lH_P-3V_MdE,52,205
1b58z2VV2Es,38,149
4JB6swLxn4I,51,201
5vRVSGbJYiQ,52,205
-LCgWn1IOK4,42,165
E691iyqE-uE,31,122
65xggirg8oc,44,173
8ptKlJtQO6w,52,206
VTwbKryrhks,27,104
yhBm-aCagaY,42,165
wFmekjmLAp4,42,165
5YfCTKbsuHQ,47,185
B00nfVc4FPI,39,153
-CfhAXuBCJQ,47,185
MNZgKyCnKlY,38,147
5PR6UpkG8AI,51,201
66Sl9ixB_5U,49,193
08zhZZn29jc,59,233
-rdjUIVtyZg,31,120
9HcahqYUVoc,50,197
LwY71kBf_tY,47,186
0jlRvgyDAXU,51,201
7-vFjIl7wCI,53,210
6d5kJnNrPbM,27,105
2eneDLL-zN0,39,152
7fnazFJBlh0,21,79
2NYdv9n8L_E,37,145
Pair_NsHdTc,43,167
AKbhQuZUfII,27,107
02JVmqDwL1E,47,185
2FilJ012FCk,36,141
NwfEO8cjSK0,50,197
8ieJbzu7ql8,44,171
67upUuEwqSg,46,181
66me0k4dCGU,60,236
lrCA2ow4PPE,43,169
fHXIQk3sUs0,42,165
3otUlQ4wvLY,52,205
5DxSqrIidPg,35,135
Owg_XU9XmRM,45,177
lQec6VM2Cfw,46,181
7-1fkQcntTU,33,129
PDToHQeouq8,51,201
A6xFNLeLPEc,34,133
-jK3mCH-VoI,58,229
4aMRgzWp4H4,58,229
-au4E_nffzk,40,157
27vjNfHzcvY,42,165
4l_LVR88DhM,45,177
0AzwtstgdU0,40,157
Nd2HKDBMkYo,44,173
j_cywbssn70,60,237
Cmz0InA1eM4,50,197
03nKZfF7LKU,38,149
QVprWKMTOz8,36,141
1ixeQy-U24o,23,89
9zk0HFG5mDw,47,185
5Tjiz0rkQz0,47,185
-PCNGd4UvFo,51,201
xBa0uehB4H8,26,102
BfrgQGGlUMk,50,197
3XfNuEVynXM,44,173
1oCfXFxnfjk,30,115
6WKXaNiiW5Y,50,197
3_2FnlQLVAE,41,161
1vEjPObCs-c,17,64
93vN8AS4jHY,46,181
4Yo87XkRzoQ,43,169
8UwvJl-eurw,38,149
CHpmbCS-SRo,53,210
-PljzzluWNw,52,205
O_SKumO328I,47,184
Rwf9Tl-DtAg,33,129
--9O4XZOge4,41,161
6q58oYVo9as,40,155
BSl9QJN4rkA,38,149
E_-vJwS74l8,42,165
7N6juL_vmfQ,38,149
ZmCFKnBaTBw,47,185
5Z2-FixkXVM,44,173
3yh6EEi_yDw,46,180
3pxoiN6EyUg,46,181
XRgEa9DwZ_Q,17,65
7oMLX-4ACek,55,217
a8cRcNvRJgg,43,169
chtrHNfaT9U,45,177
GQTxIBorSGo,35,137
1avy8rrBQTk,43,169
76UE7CyfAO0,19,71
B_6FPEmhH70,42,164
-YpovYcGB4I,22,83
wPfv8ifzzyg,48,189
1KOD4f2YSrg,42,165
0YCxhxWasl8,28,111
_TnfNR8lXxI,43,169
2p-ImRBLIso,49,193
16mThHSO3RM,47,185
-yGno5_ywmA,52,205
9k2Dxn0Uqo4,44,173
-FFeLquyrFQ,13,47
12BiXa25oT8,44,173
0niRSranQTY,32,125
BlpA5c4JRmw,44,174
0gyFFka0CCQ,48,189
IADbYuioZ9s,46,181
1RVEnz0zHJ8,36,141
2vUe3LakHAo,46,181
HYQ8F3qtKEA,51,201
I3qbB4Kq3Y0,58,227
VV-DgnPPhSo,60,237
-g3OCz3FxfY,60,237
-KOgOEvhrbw,36,141
B7m_WMOF87U,29,114
yy0n-N17n04,50,197
4TshFWSsrn8,46,181
2tvbXTF_MOA,50,197
5YXmPw3rgGc,38,149
nlDpRreRKO4,46,181
-BFcExBQfAk,51,201
-D0f4exnx9M,28,108
LwZNG7Uuu7g,36,141
4oNM9Ze60DI,47,185
8Vc1pnaGi9Y,42,163
HH8WRghL7n8,43,168
-PP5Hx17amY,46,181
2MYfUQFr6S0,41,161
2rFw6q6XxRY,39,153
0YtTdTtlj8Y,60,237
3jS8tWfLJxI,50,196
-P48AwTYcXw,31,123
EuYIwmEPeCQ,44,173
8VbxIzaSHfw,44,173
47UDBjg0oiM,45,177
7z2Ga3folMI,29,111
-8nDdZtXtQ4,38,149
1INnQRgjdFE,42,165
q221aOp6MDo,49,194
0-2kUSSzKwI,44,173
nlYlNF30bVg,40,157
OleATZcF1P8,25,95
2BIVdB6Ae1c,48,189
dweVBqei9LA,48,189
0744fGfQ9bA,14,54
1V-_H7F7oB0,49,191
0VWOvQpJJ30,42,165
BjWM6o-s8dI,40,157
6qe-RzVvfyU,39,153
2dBLvucCdj4,60,237
1DVq-bLjcnQ,47,185
0gkY8t5O7_A,50,197
0UX7Cl2iJJs,44,173
1dyFP4MGkIM,33,130
Be5QfGlNGN4,39,153
ChlD_ZfpPdw,24,93
-yz4rAkdWmA,47,185
5cxMHAETn-E,51,201
EFJGWWcz4Yw,51,201
8m6ktbBTe0A,40,157
2NNFyE3AtVg,49,193
1gWgFP--6OU,39,153
-1ukRC9M6bc,44,173
3BHYWTnZIvI,45,175
2a6AytwygrI,15,57
0X2IkSJsAEE,39,153
DqOGYyFVnKk,41,161
B8l1zEMfKv4,28,108
LJJ6MoA89Gs,51,200
JQwirnKysXI,44,173
9CNhugdDhs8,49,194
4n7X62O0E1k,50,196
_6GwKOIm8Ms,33,129
4-XVyCjXwNY,50,197
l7RTgupQWcc,45,177
ckzLHmauwI8,38,149
YFO26ojd-sI,51,201
ux7HhOxMRE4,56,221
CwTaf5_dqIk,41,161
2MSEE4qvpYY,43,169
3wboiuBfavA,45,177
QIqC2rJGFwU,46,180
fAns8GJzYeQ,39,153
ymF7hj_J3Yw,44,173
3vPuVLFnSX4,54,214
94fkBLv5zsc,48,187
6-46rnWPF3s,56,219
9UnFJ5qLTxE,21,79
2Iln7mu732o,50,196
amnTHP7uB40,20,77
GkVO9nuh5Ho,50,197
A2FMM_PmPf4,56,220
6r7Dm1xU-DM,38,149
7B9BmsA18mA,60,237
FCjxezskMEA,23,88
4KfIn-rRetc,45,177
ZNEEzZXROTo,52,205
EiWBT5fN8Jw,25,95
--Z4X0SQxBc,11,39
7_4cuwMuhbs,45,177
7iGbHQarjLk,35,135
0i_lGB3GshY,36,141
AeUtReT3Lxc,32,126
5-_buCA_jtE,47,185
-hj4ZnuR6eA,49,193
2OcsicqVoDg,57,223
M_iQqa9k7tg,40,157
0SgrQRpaas8,22,86
-i0dTCl0rmE,60,237
7XLMpyqLP7k,38,149
2J95Q20om8M,41,161
4NLW2X3DuMU,33,129
6PdQjCUz-S4,47,186
AnO7mJEbiSM,45,177
2GnUD9XypV8,56,221
DAZ-W7RP4N0,60,235
2Rwp6f7Rkmk,36,141
0Aeb5AS7dCs,39,153
lJTpC9bjne0,39,153
-__L3T1Yv_4,46,181
CdSt0vG0uk0,42,165
EB5rkiiHFw8,46,181
0DfHhGwjhDw,49,193
1UtX_r3nZp0,53,209
-_Ayj06VeIk,24,94
Ysrlv2UlG8A,45,177
mZIBXZlICgw,49,193
113A_upp5hw,39,152
3vCRfWuJDNc,31,119
mbLiZ_jpgeY,41,161
-TDLthDbY5c,42,165
AZfD5KrH5d8,48,189
5Z2-9v4avAg,41,162
-ql9bQ_JBwo,60,237
2cEM6Hu90v0,50,197
Aexx3BVPuEc,48,189
ZXbnWlzc0ro,51,201
2_6xnNwKwuY,26,102
88jxgPY-dQk,48,189
4Rto9BkNv-Y,49,193
1okvYfz7lyA,39,153
XLv-1DYujvo,40,157
0W77F6fIrd0,46,181
03hFQ4wxzRE,55,216
0kQkVbOikzQ,22,86
7P46vKuO3Hg,51,201
9jYHyxOpUrA,49,193
2WdgZxmSSaQ,44,173
fESL2PLuIwA,40,157
30BeHgm4lKQ,46,181
6zxBGyCPbFA,50,197
3evSIQ15Zbw,41,161
IiCNAp2sR9c,38,149
4m2g9OB0SFU,46,181
-U_r3rJsR4o,36,141
FM1rJBmPXqs,26,99
FEONPM3mckU,49,192
8o7ZKTvZpLc,26,100
2cZP2alATm8,42,165
3a8Ng5TYDps,43,169
-RmBbZuxWmg,42,165
00pANbTPix8,57,225
98bpMqJAmxo,39,153
RPscbFkdUto,40,157
gGhgsrlwkaw,30,116
kTflV6v77qU,45,177
5o4sNgBcZfM,43,169
6RptdyF2Nu8,36,141
5JD2GZBYigo,60,237
-vUcGFlGbDw,60,237
WrbQ5NIU0R0,59,234
6Ehj3Egq2VI,60,236
JlmUCZKjkuY,48,189
0gah3zIgkgs,44,173
-a5i-QtMzok,47,185
6w6uwabI5xA,21,79
0xcNLamrBoE,44,173
-etr03BsiO0,43,169
3znWQ4SURxU,30,116
IcZ1gMwxrZA,46,181
-LblDlF0WZ4,42,165
-CcGuq0yoKo,39,153
0qvekTGYwe4,43,169
5sumS7_ogEw,33,129
6MBV8lTyBss,54,213
-CsnNy_s4EY,32,124
-qymcBqBEN4,57,224
6l1qTc3GiBg,47,185
2ZTp1OgRwIg,49,193
-M_iEmzKxB4,45,177
3yl2yTzV0AY,49,193
3PCVpLWlY3M,47,185
8yOZD0XQmAQ,55,218
Fob7tNJsgjI,14,52
T7SjVkqAn8U,45,175
0AqTVtGcKAk,34,133
1Yn5xhaKdQw,34,133
1v6gqgsDrJY,37,145
dfsvT5xImNg,47,186
-rowxr24Xuw,60,237
GwxF07RJaSM,22,84
2brkecipIPQ,21,82
jcoTSA5FxpE,51,201
03Gd-F85pG4,53,208
J9TaPK4a3cw,60,237
QJDLZ53UsLk,21,79
4cZ__FPecxc,40,158
28D6j6U0sPY,37,143
5Yp8n8W4rLw,46,181
Ad60MuLj6Oo,31,120
-51CA8BX7gU,60,237
DKSrNxPQrbY,42,165
CO1M63tvnrw,52,204
CngsPppEunk,50,197
Dj9gyAoqmQ0,40,158
58zhQEdMTyM,37,144
1gA93zC-ckQ,48,189
3IFJADP3n5A,53,209
5AgmzKgZdEI,35,137
eiCJUyj6r-Y,30,116
0Lro_JzyUX0,60,237
H5rRqioLDxY,60,237
-bK6zHrlQjw,60,237
2B2X7hjeWQk,48,190
4sfsHozMcEo,42,165
4Pu8OY7mrm8,50,197
3fPKnU9ghYg,49,193
3XK0fEpvQWI,32,123
1CHowKBwGGs,44,173
GbJ84ESfKOs,51,201
cwHRegcjasg,39,153
0xdgWNp88tM,54,213
8Qd-4VM9Ox0,31,120
3iq92B3HdtM,43,169
AJ2_gn8V2fo,37,145
8RropCmiKZo,36,141
4RzAe3fyiY4,42,165
qbRZ67ynqp0,50,197
573HUJlOJL0,46,181
ZtxAGRDyw-I,26,101
BTvNAYH9hns,48,189
26U5fThqNco,12,45
0c4fhU4_8do,19,71
2S1bam0OdlA,27,105
D5v0T_MKG90,47,185
8dx4FvUmVDM,17,66
-rm2UgtVIJQ,58,229
0AQvDc3w0S0,42,165
928NSu5S-uo,20,77
9ZClVJ2V7bA,46,181
1OXR9L6S83M,50,197
UqyvFyQthHo,48,187
DvtqwAsCpbo,44,173
2U8RhxWEQvk,48,189
Czclcstobkg,44,173
-OotdhPEnos,60,237
29y1jdo96jw,18,70
1GI75yXlrTk,45,177
Iyf2C0_SwuQ,11,40
pzAiXfVmLGA,40,157
-gng9I8Bu4Q,52,205
-AEIKTejHRo,47,185
70W26uLo7Hc,43,169
BG9oq6EH8xE,42,165
0HA3672AW7s,50,197
3Vu_2_YBeTk,55,217
AROokQkqAQM,48,189
79kTmQT56fU,43,170
SuRVsbK22io,23,88
95L0VuOIZbA,60,236
4V1R-HYcYuk,52,205
6bSBYFGLHXE,43,169
03v7NSP21i0,32,125
3L5WMTen29s,20,76
1ljQxmjObH8,43,169
8TSnOcdBovA,42,165
-60bBlFvY4U,25,97
u_1-vcOg5W0,59,233
2K6TBvO4iSQ,36,141
ehxbLaJSGMM,36,139
69nLZVy9txs,50,195
-ZT5ozXg1AI,50,197
RVV2k3G6hes,42,165
pZncDS2j_1E,55,217
2gs0Ltt5niY,43,169
0X7d39GnlgM,49,193
0ABrQRSaDgg,48,189
ac2zwTHwKr8,49,194
2houBS6ITvU,29,113
ga6Q5sJLaqU,35,137
u0VZUjxb4p8,45,177
2sw_J5RClOc,41,161
4rfg_8SXrq8,44,173
NSEzNYgLuAs,52,205
yQvo1SiaZHI,40,157
1OXjB3-MUcs,53,208
0T7dVfxUe6Y,19,71
2jn-CXFqf_U,49,193
_UmY2aYt1YQ,43,169
32IKJs7PmLA,15,57
M9KoxhMj-oM,49,193
-ZiYgIPLCrA,38,149
R60qQ3ag8y8,43,169
37w-bMxhbAk,35,137
0appLOeTIp8,46,181
1DT6B_jXkUw,43,169
8EKCO2XKJ7w,53,209
CuiPrrlVGOc,19,73
aBI4otPGdKU,45,177
01vFr9LE3Vo,39,152
1VH8orDEFWQ,51,201
6-DAiSEzRA4,35,137
0Pt_NiiZYgU,40,157
3KGel_cl8ck,47,185
8jtKYSQKCpY,42,165
gEbqh2WEfKU,42,165
gfpZ8kIukNc,48,189
AHIV0RMwnN8,47,185
GXRooshOGuc,50,197
FQBTXS5SkW8,43,169
06T1OXnb36k,32,125
GQpcPvyxhuE,40,157
88mZLf_gUa4,45,177
-miI_C3At4Y,37,145
31zqGonKYR0,49,194
1CcfihQOcEQ,33,129
pkLw94kshuQ,45,177
5Nsqg9L9tc4,41,161
7F6dMHBm0xc,29,113
3EA-bKKcrkU,52,204
Szwd-0tatdo,39,153
23x62LQt5p0,52,205
AH55hpqhsPw,32,123
MBwX8UvrOzY,46,181
AENNoAeote8,54,213
S_Wmb9Gz0Us,41,161
-H_3oEkKe0M,50,197
2JsazOf3bWs,37,145
-JMHRrms_Cg,32,126
4J23ysR3jXc,39,153
6Kh1De57Tic,45,178
28SKOvm8kX4,41,161
1gg5D4rszlg,54,213
NKZif1Qw33E,17,65
_s_DXYISn9A,12,45
0m6z1xWjhHM,37,146
2TprtMP1RDo,52,205
5H2wgMBYGBQ,12,46
3HwvoTDM6_o,27,104
9EDU-ffspls,49,193
1M7bb668bm4,45,177
HDvPMEU33HM,37,145
-4XHW-rTETw,60,237
0hLXe5kgGuM,33,129
3xXMIH-moJI,45,177
49oz56M6mAE,50,197
Bq57MqjvFkU,40,157
3dLo-Kc897w,37,143
skxOyyYReQk,50,197
-aUJLRXkj-Y,40,157
BOMAzVa5QRk,38,147
21kLxx_C0k4,52,205
05YBpmCnoOQ,22,86
jP3F__n2uRs,41,161
0I6Mlp27_gM,43,169
A69_hm6mMrU,42,165
7Sczq2-m8RQ,44,173
-Yj-NMeHIxM,29,112
5_r1yLGXfUw,45,177
2IJaODbc2js,43,169
36FxPYlQJs4,31,120
1zAuAlICCY4,33,128
76YU0pl1a5g,45,177
-9yf3oNuowg,46,181
DfWwTcayIv4,51,201
-IirOhWxc98,52,205
BB662GBCLkI,52,205
0UaOdIgHAaY,52,205
3c2RP2s81jE,28,109
-6GQmaIFTOM,43,169
1ZvCbhKx1vw,38,149
3-kolNcY53s,38,150
3wD_ABnsxx8,47,185
15nVe6RwUNM,28,109
gFs6lRAQsLg,45,177
5KpVNqZC6T8,42,165
kZQkCqkUBVA,46,181
DnEvqd1agXI,41,160
-vu4jJkffMw,43,169
1OvtyRzKVso,44,173
G27j0yuYtQs,34,134
d0Uz_RnRV88,56,221
34TQ3PjMFuI,41,161
1qJimtxoYdk,51,201
DEQA0rMExqA,43,169
3qesirWAGt4,37,145
6hyBe3FO-xI,45,178
-HpCjiutVuE,48,189
-9I17YJGFug,40,156
-00nar1nEPc,44,173
-_ZnPrnorVQ,60,237
OWuMapsvJ3w,46,181
d2yLX6TwS_c,39,153
5FGeo3lAS1I,21,79
e5Wu9El1mI4,48,189
-mWYY0OLJvM,49,192
0-KeN5sfo-M,30,117
4sTQvJtsuSg,20,75
4SdlCA-o7J0,53,208
Rhl5nDCU0u0,43,169
5Iu-ahHr048,42,165
QYMPYgEBxp0,50,197
9pX8I7KzQAI,42,165
3ItHVu-KT2k,53,209
1UB94O0p1Ls,40,156
HQ8eR2lvjSE,51,199
4_J8VWQzWsM,44,173
3ZEKm39rl4Q,60,236
A7XDDV5TmV8,36,141
4VxzajEAl8Y,43,169
Qu0I-QpDoz4,29,112
-Wigi5NZWPY,26,101
5p0BeKfgfqo,43,169
WzIeJ_yU9ys,37,145
-SkaeD74V8Y,44,173
VAqgpoyD2jc,40,157
6d_RTzFfQUE,42,165
RSryuuvUfDM,41,161
29nXmswqu3A,47,185
WWu24rJscDI,44,173
Z7yFCSsIm8w,44,173
6pGwYLAKm50,19,73
4qBbSoLpS3M,43,169
8ZJeFXSYZi0,30,116
-en-yFsmIO8,25,95
qUvHb5szJfs,51,201
BTZmHbLgSMY,36,141
EoQTMXansDY,47,185
JXMyZ929lpY,38,149
2VDrzEBKhmQ,26,99
dhvZfhfH4HA,46,181
yXeKrbtMz2M,60,237
1NvpdqTAf3U,42,165
3DHm_I7hRZQ,45,177
24HRi054dAY,43,169
Pny1CWL93Ic,39,153
6goxuujVo38,50,197
6OxmvWDY1p4,48,187
8LToAcFGn-k,47,185
C7dk8-aCdUw,53,209
2O7oDm1FaPU,22,84
KBAW9bg6tPk,41,161
4oEjg-ZPXBc,49,193
KbIw9tsxoUk,59,234
2Q5HThyEfYk,46,180
Djavs2M4U7A,42,165
2brvA4UqqDM,52,206
1jGBNoqkopY,50,197
2E7Iwu3-l_Y,42,165
0GXAEv4sa_U,44,173
Ats1rim8kZc,45,177
gIZ9kKdx8ho,49,193
DjXyE3_g0b4,45,177
4TgXgwVndiw,42,165
CLq0yym5aWA,30,115
-DXq8b_yfTQ,48,189
3mvE_CeH9q0,41,161
1jE7PG888_w,51,201
6pTM96py2CU,42,165
-A43nHVdcUM,41,161
5PKqL7dulQc,40,157
-QmzOJHDwH8,60,237
45L_jkY77o8,36,141
0fdwOEPfznk,45,177
99WZAe6QKUc,38,149
7Pdf0E_UyKA,53,209
4xf8wsy94EU,14,51
6zYnjJvq3JQ,58,228
-aLuigm2N2A,51,201
8nF1HoiEq-U,41,161
1BYZiONhW3c,35,137
-MJDUbKjyHA,33,127
5RhulB6JTdA,29,113
01yceAJm8yM,55,217
2ei5ygwZySA,57,225
34mSEAjJdjM,51,199
0INNSDdpHaA,44,173
4oNMRGGEGfM,36,140
0_Nsv6UW7eg,53,209
1CrJb4g3ZIU,42,165
-Vvs_Dq9E98,42,165
-V_KiUM6Ioc,60,237
6QvSd79Ocw8,58,229
2UtwiVVYfGw,51,200
62hv7WxVk-4,46,181
0zaoTSKR5eo,44,173
-p7V24IWSbs,60,237
E1I6LhzVPVw,55,215
-SKnbdKeajU,16,62
-bx0x_RcC6Q,39,152
1W8QL6H7cVc,51,201
7biN0MVMzsM,40,157
eR9TsnHiAEk,51,201
1dyTIbmtgps,47,185
3M6F7RjIJeE,44,173
-x--ajxJq6o,40,157
0CShCAYy0Yw,41,161
G7LFtvgGVuk,49,193
2q2WoUlDN7Q,42,165
-oxzcoEeGqM,40,157
-PlQ-d2PplI,48,189
-TuR11dyrTo,47,185
5FXNA6IbL2k,20,75
1tIrIAImJgo,46,181
lnouwu8AszI,27,105
3W9ZTnR-lP0,31,123
emAtRpVf2_A,55,217
-EjUpvGSXcw,60,235
G9fePINE3lU,50,198
3pawubfvFek,34,131
0UEWX-2epho,32,125
2dvgvZ0qNcg,47,183
3wFXCiuvbAI,43,169
er8zQZ4d0Ew,43,169
-9YohOxYZ0Q,41,160
-atZkewj7GU,46,181
7RNTXUuCKoQ,58,227
63xNQaOYAv8,20,77
6EGp641qNgg,43,170
H1N1U84fBM0,37,143
-SPKve6eri0,13,49
1qplYD9tXOo,50,197
1FSwHv8lKUA,53,209
0VU0xMqlFwc,50,198
7YCc2jtJ55Y,46,182
_Bih7lCMSz8,52,205
0hBSRGg_Ebc,45,177
C-fRZcWsRYM,59,234
3EcCYA68m_w,35,137
1D3bVkbScdE,44,173
5BoaJGgfHwg,47,185
7Z3Cw2DagLA,43,169
1oowc-0MpfY,42,165
4a7I5o_PFnc,42,165
-zXAV9pimB4,45,178
-Zd-ZSnZ3so,46,179
Ggp-EXdusSM,40,157
r_MVCCgSSy4,17,63
0FI78Sv_BL4,44,173
IZLn7IjGJKI,45,177
15MZldZnfHo,52,205
0ge-wKTSBnE,42,166
3PO5rwrd6ok,40,157
-zSj1VpdbdE,26,101
2fKa9tQwQLk,24,93
2NFX_b3owF8,45,177
0lFf-HP86Q0,45,177
46IWQpa2v64,47,185
AHEajyD8G9Y,39,152
5ZtB9FnUIZs,42,166
5YEMl_guVQw,44,173
67zRXjXpAuY,43,169
0nbLjqV1t4E,45,177
AraV2kvytIY,46,181
kV9bDDyCiEM,40,156
ADVEdfStDaI,58,229
5FJOEsNJVkk,39,153
38a6_19txtU,44,173
01MWUU_A6bk,42,165
HP4bUf_w4hU,45,177
7PK3nvCihMk,24,94
4Kz-SqOTIiA,42,165
2UuUxUmhugo,44,173
1xYK8R2j2dg,45,177
-y7tnKy2Kgw,27,106
0Xe0ar3K75I,49,193
0zpBbj0xXII,38,149
15JzLyroGRg,41,161
Lz1snRkaO_Y,45,177
7KbjC27nYtc,46,181
0pfj60ojV48,52,205
4DcXB80NZlc,49,193
3PMy6CjciUM,48,189
3eBoAlHnttY,44,173
1p8GXBIollA,60,237
12GRalQDzYc,22,86
AACErcXlc3U,18,67
Tm27YwuQcAI,34,131
-l_0OVI9D28,38,149
0ObHwIOY0D8,44,173
-jaNyviaZ0c,60,237
E7q_QwLYI8U,44,173
6mtnv7SDQqw,46,180
3acUK1hqWl4,53,209
AIDJFkDURPY,38,149
99R6mOMSCJ0,41,161
A8sekUWtguE,37,146
0e-juaQZ-bM,31,122
0eq4AberCIY,27,104
y1orCLNC7bw,47,185
5kblkg0QDzo,24,92
1iXKgat2Ejc,35,135
4EPu7vscwIU,16,62
3hLxPQpmfQo,51,201
A458iJLZGvg,54,213
WN7rUSqKEPM,59,231
5Xie69_wY8g,47,185
1MVOkDjAAVs,51,200
4AgnH-5hgIw,39,153
jomEE8zBjlg,31,121
6WdMSnWhppk,47,185
XS_Nwd8dxE0,49,193
FgzVC4jxtxg,48,189
8__s_nKl7K0,44,173
4zh7vIS5Tj4,29,114
19TjZrYIMWk,41,161
Fv0gbxIlOU8,39,153
-n0RTmmrs-0,45,177
AF3Sc6D0Yms,44,173
202DizALApg,42,165
IjP30CoPX14,50,197
1VAkPqd10bg,51,200
uRhiZy8FsSU,60,237
BMZXJzg3aAY,17,63
B6V6cA5p08M,40,157
0Z75-s5ZPjc,32,123
P5Au94IeCXc,44,173
1HfXI5zI6Jg,38,149
-I95CtfMOLA,31,122
5tMrPTVllFk,12,46
-yi_lQ3jyl8,51,201
1NE2dmjeEGw,33,130
eiyyoUt64Zc,47,185
AJpUJNK8JXA,38,148
-8Zeh__mQWY,19,74
JgxIyaKdwZc,58,230
EfYf7arPeNk,22,83
1pxCe0BURHA,43,169
5FlugtdCIlo,57,224
6CLcrXCpm14,49,193
3MPS1rD7lzs,45,178
3Fluns8nl3Y,38,149
2vQ-f5_MBtg,41,161
6Z5OKCiviG8,48,189
BBgW_3zDdto,48,189
-AMxYKovZGQ,36,141
29Vt10n1jYw,44,172
3qFQAqXYLZY,27,103
2Lej8aE00uw,45,178
sVF7Q_IwoWY,46,181
-t3ETssuUYQ,38,149
98ZM90poqNE,53,209
0KVNdWwHfFU,40,157
W_WQY6-4hWY,43,169
6ehfIUwft3U,44,173
9rw3qz2ouRQ,47,185
5UBA5w2Nb20,39,152
TstsLM4IUV8,38,149
2lZWO-gkYSw,49,193
_Y-r06UNOoc,42,165
-vixuXFb0qw,47,185
ey4343JKiis,37,145
Z9K1CVbAWAg,26,100
SJVuopldMyU,37,145
10WnOX5FBKI,50,196
NszOg5SuMt4,44,171
4WUABQYm7ZU,40,157
77qq2Taphag,56,221
5ec27xKLMQQ,15,57
4BiiXbPZdvE,20,75
2pXIwao8EJk,26,99
2y5c3RUMpqA,45,177
3gsxCNiZGNI,30,116
1XBz00U_pv0,45,177
HwGK5RvNOFI,43,169
SRPrQ6W_CgM,43,169
1JArN6rag8s,60,237
7Qr1ncg86N4,36,141
T8Vq2711kQU,44,173
EzCuOP46kpM,18,69
B_uGATg91fE,35,137
3lXNVqBnN5o,11,41
48HFZ684x9s,36,142
1GENbIxWBD8,24,93
3qebnkmvjiw,48,189
WatvT8A8iug,46,180
MfavlJej70A,50,199
0MlzwOND5w8,42,165
AN60q9nSnMk,44,174
2vbZtRDZSSE,37,145
62xEtryKV3c,44,173
H49z-gNd_08,50,197
2s8l7_MTk5Q,35,137
-zI7FN8cMIE,42,165
CFRfL0fmAOU,43,169
1pZTC67xdnE,46,181
2Qk6tJHVP2o,31,122
0jPN5nGZ1zQ,42,165
6z_pfZ6Rvfs,46,181
KcC_g1wPovM,48,189
DsNAn_KnHDs,51,199
5U1HKCW8Cfk,51,201
Oew6XicL4Ks,46,181
3UqX9BdzosQ,39,153
m98BKPAD-84,39,153
ATq96KU_biQ,38,149
G5LqrMcq1QE,31,120
qUF8raImRZM,54,213
Ms-M0gM_Sy8,46,181
XS-3djsJWTA,48,189
656i8ZTECTE,44,173
HKN2548Ts6A,53,207
gT1HfA-JhYc,34,133
EeGWe8e_2jg,40,156
55Ypr_uAdpU,50,196
6K_sU6-dp0Q,40,157
5bTE5fbxDsc,43,169
-jaY3LS3Dv0,42,165
9A-617sP3zo,40,155
1RSK3TFru0g,45,177
0AjVoocKAhc,55,218
-IFrazA2nwU,46,181
0LwSy-xZSPw,43,169
-dWlxtczn7E,45,177
2qldSK1lSAM,50,197
6aXhoqBt3D0,46,181
1uaOgz0VAVI,46,181
2bvGjlgZ9Io,43,169
4QEyHRT0BCY,22,84
3B3IcfsjGSg,39,153
4n5663oxxDU,50,197
MVLEz28ZdFU,52,205
5SPuxVBDehY,38,149
Nns8o0ZwcFg,46,181
-D8dsr8DfW8,37,145
VSf-6xznJyk,46,181
LC1Bw1Rgnj8,22,84
-Fyb0KlZxOc,40,157
0XxXJcdf_zk,60,237
1XP6t4NAMls,41,159
0sKcF8bWBZM,44,173
